Domain,Unique Subdomains,Times Looked Up
attacker.com,995,2112
ubuntu.com,3,17
canonical.com,2,6
iskkwq4abv6xbaaqa4/ah0z9mmgdutk2yjpgwh8xses=.attacker.com,1,2
bkxreep5fzr7zkueigzv+9eybrbse6g5g+k5bf8bbfe=.attacker.com,1,2
b0yjthuh7irjqu/haidy7/7ca/kvfmpuvzhlo0zbwuc=.attacker.com,1,2
a5a0rt4fpgfyxmg9ek7djgaltgw2jbhxslfu3p1roje=.attacker.com,1,2
pkfmgt9poet3qflted+cogjohnxj5zejzazvbk+sg/4=.attacker.com,1,2
qo72jubg7aojpxwy+st2bibiz7r39teeqdhokvikrwy=.attacker.com,1,2
vbp0gm54dkqcljneuf253jkhnincd1gh/gktgin/jpw=.attacker.com,1,2
lsgnibop6s734vgbgxqlgxmjul7rj62d6nzphys07xa=.attacker.com,1,2
uowq3pr0i7y7lz/i8n125m/zutonjkuh9ugpelkmpqo=.attacker.com,1,2
wckquprjrlzsjqot+o9jqkjdacnparz20dv2ws3bxt0=.attacker.com,1,2
e7qsd1so/8zuaa+llferglijcgber8ake55mr5xa5yi=.attacker.com,1,2
9ndy2o1pbhd/7r2s9yjcjrwwd5voohzblcsb75wonac=.attacker.com,1,2
nakn0ihikz2/v+gmpt5wokwo5lafe8x2q7hogx41n38=.attacker.com,1,2
bmafi4n0upn3fjdkuevk219pkvxbvhatca5n5+kzzpi=.attacker.com,1,2
tnmzo5gadangt/s74sx8bjdbwcqdqixbiqjy8rptlpq=.attacker.com,1,2
kkkfpqvsej/esqlktjdcpd1kp5gqgye1nqxdbf1tdck=.attacker.com,1,3
b467x6aejvmuoxrqk5jsvknmjyet23p2gubiqrjwt14=.attacker.com,1,2
aqldpxmqfs80esvex8lfkjtqnmwsbalhhjjbmzld9i4=.attacker.com,1,2
banjo.canonical.com,1,2
hlmlhfh26wiwjw6lqu+9ibhvludkrqfr0kj8z67ufuy=.attacker.com,1,2
0gvspi8e1hgfocbif0kypzhm45gfeccfj0guhulrrge=.attacker.com,1,2
qqomeootjsh/tlgkyafa3ywk4lb0bz54rpuvvlxznuy=.attacker.com,1,2
en/r2hkqzpfuoqgedn5rduvj6oy8zoebnmk2lu86ycy=.attacker.com,1,2
f6e0ettn9kqvj5ly5jeot5tqjdohxjliug5fficrl7k=.attacker.com,1,2
fesjcunqf52l03m5cw5zhnobkisesw3wheyognk+nvw=.attacker.com,1,2
aadkrnx7lyqkzsdt+7oshqd3qxvwipvyymwydt7cmpe=.attacker.com,1,2
gm3z9ok9mkyymsxjebtpxsujdcg9mylneihaepww3m0=.attacker.com,1,2
kzai8inf0sfgcyvuujxjp8zxnwyirjiy/ipch+glhng=.attacker.com,1,2
hxu8yn5ndmqgx5dd/neep7hur4g0rzcrwa8qlofthqc=.attacker.com,1,2
/wt4oyxpo+bvoiqhze6yl1dufj+xj+hr1lzyn5zkjhk=.attacker.com,1,2
qt/1g8v+zfoany0rzinc93zwnzqew7qyyencs0pqnpa=.attacker.com,1,3
7hh2fietk0m5t/k6oafzdv5lnl3ds5jrouowzikgks8=.attacker.com,1,2
7kipunqj0fvyzapxzxvidii3o2mn8ixrmr2foc0sd1i=.attacker.com,1,2
9lhgxpzppuiyjcn8852pels/ycx70m4xo/gtoguxoe4=.attacker.com,1,2
cppbgwlound1szqhzcqjmwujltdma8t/ero78s0pfb0=.attacker.com,1,2
zc9znleay2hv9scdtkud8y0f7o5qtqxoyv2j+mo+nsg=.attacker.com,1,2
5szoztmo60v7vu5tb9uhtnhiapmukc+k7swcjby823q=.attacker.com,1,2
i41jntyepmiaaqbgfxa4ltit5ukvklpd5/pkwhma8ki=.attacker.com,1,2
iy+1lfpyu0n0cwuqoyabtddrellcn4y0nzigzxsqymy=.attacker.com,1,3
e8rk3+oais8f5gzkqsed/zcuxlmk2m8jiuklcgs6jb4=.attacker.com,1,2
6rpiltannooax5v1szmp9xoavsym41ncbtjtngpcspo=.attacker.com,1,2
j7qnpfs97mw8gayk1ygnhsghfqi5r1lrzqcujvljl5c=.attacker.com,1,2
or8zprntkyxjan0pywk7b0q6ovnv3nqfim7h9ymrulm=.attacker.com,1,2
gplaphppeyj58ki1ebvxotqf81px2yzf4fzy4apvzlg=.attacker.com,1,2
v1se9hnlfczhmcc2djsx1rxzb5gqjzc+akp32awm7ia=.attacker.com,1,2
f1ytxhxooynhtfrif28exvqzgioivi7cfzajbvjwogw=.attacker.com,1,2
4x59hzwo6uugpknqxuf9ekslnxj0a2yyqruakce6l/k=.attacker.com,1,3
/9oqip8+e+0gry70sgmydb8htgxtibtnzgjw75ca9+m=.attacker.com,1,2
oeekdup3mjryav0ptfl9yl7qnuyxwu8rfu41qtir4fi=.attacker.com,1,2
v4xygnw/ftko45xlk5yxw7zrk2jumuok7ya4dr1gfji=.attacker.com,1,2
htrrsvsw0ylt/ilieahdio31ihwn2nymgt8sflao6nc=.attacker.com,1,2
edg0d6csnbswmvmi3lj7saowhyd8sedxj1090subvdk=.attacker.com,1,2
wsbptsqy8bvheus23qpsuydfeusjcpodbdm1agdjvpq=.attacker.com,1,2
eghuvkdnkuely0ng1pelz6kqmfr1wit4mdpdcgg2e1g=.attacker.com,1,2
pt6mkymszyuntpayaqe2dpncaywj25ooyghethnod68=.attacker.com,1,2
p0s9pfdsiknmssxl/uzqn3dbgadv8jgvnc+zdzhyxfa=.attacker.com,1,2
7l4kcbfgddhe381ldfvwtm1gauzsaw6hc588su9icny=.attacker.com,1,2
cej7jtyn/dqkqu/otu8a1q8fcbjkwfvjs1hldvo0fvw=.attacker.com,1,2
qx+h1c4fz0tac4skiw3egrzftq7voqwhbslgd9vzjue=.attacker.com,1,2
wj4r2e97l4r+gkzubemlj0zpp9tplizjwnh9vh2e1e4=.attacker.com,1,2
uvqnlxph+51aaa6fffgzyxioas4q+w5j5mser6v6kuu=.attacker.com,1,2
zpzklfu/yclwgbge2fxenfob+66ikuh7fgupo1ujjxc=.attacker.com,1,3
erz7zrvxp/qeqt5/umshnjm+dknifvjnlcqwi2nsyxq=.attacker.com,1,2
d6itewlblhhpx6nrqgtcegrrkcp5cpveuapx9k7jaks=.attacker.com,1,2
7tohf6eo43col4c2bml1pzw5gpnlo7kkyrzywniqoz4=.attacker.com,1,2
aqj5wtqczgypacaixq9hov1bz6lvccnamhb2j9ocyse=.attacker.com,1,2
zuv/ilkgwinaabj1h9it7spksz73logg/pohmmwiu18=.attacker.com,1,2
sz8yxd3x7in7xjff3eompwtckzab4tt8fsxukutzeku=.attacker.com,1,2
balgirpwj0/wux5nodp4llimp5f6oaickpt9ze7lsmg=.attacker.com,1,2
gsdngnk01oa51vmoh2q4wfnfeo/tzqh0vjw7yl1+z1s=.attacker.com,1,3
7p7zfrw350rxphvfo8gzzptgl6u9wkuqn5ofedegtuk=.attacker.com,1,2
vmelad7kyx0npbrnpilurx2i7raixqhaiaimj1krasy=.attacker.com,1,2
xkwmea0vaydsgqs7kiwdeysqdlfbpq3wx6ocq36jbze=.attacker.com,1,2
g3ramrwpfemxr6f3vgqfgm9sezzn6d5f9l/5ubjd7si=.attacker.com,1,2
tczdtyxh1srmhfwurwrz/1xxwsxo6yrq1o52ihzvh/c=.attacker.com,1,2
th2owrshx18yhwnephzp1rykcgpjfmdscqmeeag1w8y=.attacker.com,1,2
e7/5s3dyejuzkubso6tawl0xbobcqmrdyxzdscgkjem=.attacker.com,1,2
jmvzqfczbdflfw6l7eallsolynkclz7wspvhdnqeexi=.attacker.com,1,3
9+d6shjrvi6utkgssgoryy+wmqgqlf8/8ht1n5ilxw0=.attacker.com,1,2
buwqrhd+bldav89r38oxyc40ldgdtve/g/lqk1d9kaw=.attacker.com,1,2
q8cbgepcx3meo8rv1lbhx1/h50bfzghqrbd1byvsahm=.attacker.com,1,2
yczsmb1p3jsdynbmptlays9ag4ehiiezd5grhx0rnja=.attacker.com,1,2
rlbrwg745/fecjy7kxvf14ic5nzmrfc4u4lk4krv+jy=.attacker.com,1,2
jqnr1wwobwkkeltadxk8i5+/xctg8r+du0aqjyivav8=.attacker.com,1,2
s1xaob9o8dfbvuo3yhl+ehpkvis6ru026lh2ayefqfw=.attacker.com,1,2
cr3cfudskhp7flkq+dphnpm/3jmwfsm8zvmyri9vqf8=.attacker.com,1,3
oyqtasznlucicty7umkp89o0/qc4q0mc9x8wl1w7nyq=.attacker.com,1,2
tyobstczts/n3/jivwfixppnpw+1dgrnple7upngzqs=.attacker.com,1,2
qzikjbrxiy5xvw/rlr4uaj/6qlw3x0bzsycji0utara=.attacker.com,1,2
8333k58eh0atkcoq2gg2myevckovziu4s+20qixbrc4=.attacker.com,1,2
zn2x1evwcxb7gdw20ojx0yin0nihzl5p4mkrh5rwvri=.attacker.com,1,2
jqr7nuhq73tn6hvtpthhbfsmkg3ip1adrvxeexdoeyy=.attacker.com,1,2
hkgrx/yi0wo43qn6kcpx6c9h/bcppgczezhvlxj2tsa=.attacker.com,1,2
j8flg/ajsg50wxcxqojn+c7yhagufssukybzag9juym=.attacker.com,1,3
4m3qxn0+6eg7zvzspgs+rvxonokz4ho0juzuntqed+o=.attacker.com,1,2
8fdkbq/r4ahn04mcoqu+vig62+1phxyjgqnz4ybbjsg=.attacker.com,1,2
nmv57dmstdmk0mymd+ckqxxjg4pg4dfon/efodu6khk=.attacker.com,1,2
slj+m5val1r6am9j9bk1cwdjdz8vs7wc16szaycxi+0=.attacker.com,1,2
sienjbdq8qp16urifinjg0zrtdtq/tggvgyzl7nsmzo=.attacker.com,1,2
mhzywdbpobduckyeuf5wbfo1kzd2lbhrfzbczim3xsw=.attacker.com,1,2
kj5dkuwf7m1zcrkmnlyooxabcqijmhuvkjjpujijaq8=.attacker.com,1,2
i7uvdtgqexrsxutxxjesmi4jugpqpk7jfiy+ot/xrhu=.attacker.com,1,3
i10r+xcqm3yynrbsgapkddjkg2pco1f6dqblbfdh1ns=.attacker.com,1,2
x8+37z7e7zoamrsyz/unv0p3xl4kcb62anynfan2yce=.attacker.com,1,2
wvwmhrpcukt+fusceyjl4vipnh+cpnshd0dupnire3e=.attacker.com,1,2
z3qz7dxhqan/74bs+/ys8wrvnfoxqzt8muq4gzksns8=.attacker.com,1,2
r18pa6llockmy38aredvnbhmpqko1qcjwq4gdddlvfu=.attacker.com,1,2
ucuiwuwwytulckxrto2/t22ywrzznw5pipsu7998mi4=.attacker.com,1,2
xzh1edeufoem5rqpokj92meww4ujdghuttjscikqwrk=.attacker.com,1,2
vimfz+kdmve1eh28s2lmcgvnrkrnpslvoop3thfvl4s=.attacker.com,1,3
lcgpy3lnebkhfglv6yuj/ofkve/d1agckr0wpuq4i+s=.attacker.com,1,2
m2kbskkuyt93nxm4jrkjqsvfagxmzznd7tse4bqwb5q=.attacker.com,1,2
vhbayt/csy0wfts0wbdbi8hm4gusciq86hzesu/81hi=.attacker.com,1,2
o7oc4/huqok78xxre8ltkvg2m6jseapg7rqlt/jom5c=.attacker.com,1,2
l+gyfggte9c/ye/rqlkdmo8sm+4x7yjnnwxl8kgpabw=.attacker.com,1,2
eorreckc1oohh06zczr92c9ecpgbcvxlm7h/vpg43f4=.attacker.com,1,2
fjerqzeh5gawxllz6jktrjipgijrsg6ifigr88kvuuq=.attacker.com,1,2
ibfrjptxrlplkec4eszncsizaq1tffwhgquahvowfd0=.attacker.com,1,2
je705kjn5tkilvaabftdoynxtjmlzexxmdhtluw4xtu=.attacker.com,1,2
fa85kdw43r+feorajbcaue6f9liug3fkuixt8nsju1w=.attacker.com,1,2
rbuu62wxtfooyzmo9co48soszfrmpmm7doenxm5g6ke=.attacker.com,1,3
na5umxbxwbfmsaxraqfovqeul4sgjbzgxki15dylvyu=.attacker.com,1,2
jlywdezwazrtmsf/6v3mxyj/cb//ksjrvwdmtqwdoy4=.attacker.com,1,2
ekuf/8kcz4a7s59dl3muxe//25n+05uvdz9qkziufoa=.attacker.com,1,2
lnlnm3olyvccii7uiae92tvtppj+anxyxmvl3kpwhhe=.attacker.com,1,3
mzxkm3tjddvvpo8nh68t/9/ki+safe+jl2kxutd4ynq=.attacker.com,1,2
xgpvkgi+dwtorqd3xc8wugekylcegreqd1hjpskdbys=.attacker.com,1,2
n6sud3mlduztyyrmsfg61/e42cq4cxgjnupsqqp+b3y=.attacker.com,1,2
inqctyi/u0d7jxtb+retpevntfk9udwnnffrwleulqa=.attacker.com,1,2
ogvcmhbgbvtsrqu/+ukzpmd+sekyoumejgoerz+gf6u=.attacker.com,1,2
ml91c8rabfxk0mqub2xp75e0ijo7asmmfogwc6i1fuu=.attacker.com,1,2
dmeqymgzcranz1iszojyrbkrzatjr4e7e6416jzhuns=.attacker.com,1,2
5yi4i/+hyn12lu44hoszm43klhukwgcmo2db3iuv6wq=.attacker.com,1,3
h0m69hc7huiwekbpnzlaqp0wrozzq4ctdwfzfe8usoc=.attacker.com,1,2
xwmhxamymeubgyb3lvqwm93uhwzk+rdq7r1t8skygf8=.attacker.com,1,2
qtllnvw4skp9m03a1xjuqdnl5xmgcuxd7yofjped2nu=.attacker.com,1,2
s/vrmgadvrjfl9dmibbctktuyvcsmongkelaapsfrvg=.attacker.com,1,2
92h3hafaqiryi2a4ss6og/t6m1epgwa9iwg++7ifh2c=.attacker.com,1,2
y8kqtqws0mlkr3hd4xbd/kwt4xwktdeax96ygezti34=.attacker.com,1,2
mvoefnjvhdcroatnilzgaiu3zuf52pvtr3xurlxkgai=.attacker.com,1,2
lmm46jv7aessqvbadddmtxhlfyk93dwt6hyvzuqn2e0=.attacker.com,1,3
059ohsvnqkkakgkcdr3u4hheytfy2vjqvxwb658ncjs=.attacker.com,1,2
sostf8etxlzetplqxt01vplajvbyiyj8rlt57zl+nf4=.attacker.com,1,2
8efhng1ifj2w93s2ycjvjow4831t6th3rkefmleuqmg=.attacker.com,1,2
uv1bvmvu4fn3lsx8jq0xqqyzlgfgkv2jcmyjbhy6q1u=.attacker.com,1,2
tsa3nsvpizwdmbbaiu7fgpr4ycdcyhldsyjjkw7xb2e=.attacker.com,1,2
rvzv5qbn9inliqxzkyfopboy+82km+tqghmurkz2i1m=.attacker.com,1,2
tg0nguyhw+hfuhrbx3gvb67d/hytskjuuemmfhpce3q=.attacker.com,1,2
v9nhhmld6f3ffmqu13kv8sl5aaa4wes/rhhtyyx4kly=.attacker.com,1,4
ncer852uqkdthvk1prglhlhzml0csneyactckfxu6wc=.attacker.com,1,2
1cj8+8hraoyczuf4p7vhv5/ppqm5mxthmc25uciyxj8=.attacker.com,1,2
cclrwm2+//nef8bvc1rsxz8cpcvmch0y/swb+dourhs=.attacker.com,1,2
u8ukel/mvz7kjlc/gx84hclohpq5+iumuhllnfwawzc=.attacker.com,1,2
m3znb2lgshq+3ca39ubmuefvwtwli8an5m/dqqnp6ck=.attacker.com,1,2
ph29aepasbkgcwz7fqgl9r7wfrtsfpy+klkunnb4ckw=.attacker.com,1,2
qfy0mteyixxom19ppyvwtx+6edjozdghe+ykln6omig=.attacker.com,1,2
xmill1f2sq/xgbufgok0qxyitx1povyogy3md5vd5is=.attacker.com,1,3
xgs14fx0+ixn8duoqdfisye9dqrwgubtwzmxv4g2nzy=.attacker.com,1,2
a/c9zknkk5ja9o1sla48roqiksi5fl7c5xyk/dvhvxu=.attacker.com,1,2
hyb+dakvdxvfeg0wlj58our67zlkw2ktb0dmdqejtb4=.attacker.com,1,2
rzyfz1xaqxqymc/mjygfijfoqdl1chcnpy+7jplutai=.attacker.com,1,2
cgap5yekjf/guvtnca6sxe0fkaxrjny+ovq67arz474=.attacker.com,1,2
vwljavplks4vs346r286fa8v4gjgszmfvmbfartjhew=.attacker.com,1,2
ktp4jyezanda3gcdlkxgpbf3qjoasy8ozv8grmnitrs=.attacker.com,1,2
gclzxcvhddukqawordibvfjmpnlwqep4xpbuullj9wq=.attacker.com,1,3
zauugbykn9x8volsmmy5yhpybucwae9vt53f3g7ep4o=.attacker.com,1,2
1i80pshteoqi+gpumey2j/vepo1b1jtpy8dinerdvrm=.attacker.com,1,2
xw6dgclnitlxtwsdr9t+/b3mq0d0i6crwqyvzkq89dw=.attacker.com,1,2
85nlu/zznmyine6m4wlrykelz9homk0mpjbijldeo+g=.attacker.com,1,2
l02v5ip07p08by+jdef6kih9vkasgyvybbueok98fdk=.attacker.com,1,2
tiih9neydx5s1jjdcwhruqm+bdd7dd+kdevhy1lhie4=.attacker.com,1,2
vdwdiviwzs8s7pglqukqdvoubup0pl/iya4zwak86kk=.attacker.com,1,2
zpasqsgbmgufv2dc2lebye3xg543vcgr+fhznqj28hk=.attacker.com,1,3
bj7kuifq27j6ze6d9wnh0agrvxo5qszao994z3r0q3m=.attacker.com,1,2
ngkzqodkukbhggdytqxcufofboncrr+nuflnj1uuxz0=.attacker.com,1,2
kljtv050u7xudpplji80y33gsaerqjyt5x7aestg9rk=.attacker.com,1,2
nqv41srlnlqhuzum+jh1hvofhvpfj2miqdy6gc+jhas=.attacker.com,1,2
xuwl802sejqnht7ef7joe92bxv+p7zc8wglfqky9upw=.attacker.com,1,2
ns7zfkckzprx1cgvekx0xtwa2fk/p13e4vyf8hj52om=.attacker.com,1,2
r6qnfwhi23pdff/o2hsvwsdwptgmmephcso/gcobcwk=.attacker.com,1,2
atdksjldlavrjyl4m2set2foi0zudhl1vfmsyb31gho=.attacker.com,1,2
nfiueqpuhpqdylphwrwq5ax0oz/xp8ta+yx1cgj4nhw=.attacker.com,1,2
fpuq77eex0+ta/u5iysgyxw3skfoqwhcly1cuzj3ozc=.attacker.com,1,2
vxfrujuuujam615zylq7xnrqftdyxda+mtu9qtfel8g=.attacker.com,1,2
e/fix8zr3z/5egifehlvvrwuvr636rqwqr3t1tazo/o=.attacker.com,1,2
ytqbcxn0mtggh5jcwkdijhsbezxp+cqbxltfn5aqx+i=.attacker.com,1,2
wuabwy4jnxt9qandrv9gsbkkvs9amzhk5weoqpw5kx0=.attacker.com,1,2
plbxzegexadon286hvokmkfviyfo3zb38bkemh2kx6u=.attacker.com,1,2
e79volm9qi4t7oytnjr2r5jfuahhezqb176qqmpwdfe=.attacker.com,1,3
7eek/h0fase1mjnsiqcdwc12v1mzu4bhi5xlce/jjxe=.attacker.com,1,2
324sla0sh05b+mq7vmz/54o+zizjcepgehf+wbavmfo=.attacker.com,1,2
e7hljgdxtvflcf9rlpazpe3cbrrtvixr6q22pw7bgne=.attacker.com,1,2
s4ai2u1hbr7f9v8a73njm68iy2b2nitcr7bord/ijjo=.attacker.com,1,2
nwstaq3qh4ovsbczbzfzggf75f52kuwgoanhvbivzuw=.attacker.com,1,2
y7tu/v2sgj7k7jkkh0u9gdjkh30t2e8urychxmsjkxa=.attacker.com,1,2
curhuq0mxsjnwdqzl3g86ypt2dnltyr59dl4xyeow9a=.attacker.com,1,2
t7trp5srzdfk6arlwdkpsbriyloqgcfqy1mrxudqhvc=.attacker.com,1,3
kgy8vrmbsbtyjdfmro+jgngubnx5pdmp7tbhgajicww=.attacker.com,1,2
ucrwiz6vswjcb5vifzsibrnd0rybzxgrd2pdst0nbdk=.attacker.com,1,2
hateqcy8haw1qu0jf8rpkbeupxnw/a9mfq2xtzmnvhm=.attacker.com,1,2
rvrmgwvqqktnvb5pzu3uwg9+rl7fcdxtzw7xi7bdrxu=.attacker.com,1,2
hmohjubvq9zlvpknt6aedl7p4cjuokxxxfzz1tuapbo=.attacker.com,1,2
8ogcth+xhmzeatcndpijv7e7mx4blrnq93oxp/uvjmg=.attacker.com,1,2
gux7z/zrlh4gprao1chc6zkgbfvu88yaslmgcumb6ke=.attacker.com,1,2
w4lyrh5dv1cqt2uziu2oaksujggxpnowenac4xar9ro=.attacker.com,1,3
xts8hwh+du/dq2cvpil6wv1pt7iwwa9qoeoyx/2oy00=.attacker.com,1,2
21jolwvitno/h1ld+jfxbojt7h1xlkpxpzhkgd8ghh4=.attacker.com,1,2
tah5a2uz22+lu/pgfz3vkmotxizqfkwrlpc4pjubumo=.attacker.com,1,2
zhp1byrhevo4vc4b7aooxb+h7iripvfm/kuljd6rjis=.attacker.com,1,2
yxjg/8do96ojwcwjlv54bpo3oaxh+a054pkth+jm4ls=.attacker.com,1,2
cc9jqgrrkejgqbqjc8faqneh5/lugwig/4s6zjq0hqy=.attacker.com,1,2
lkitvj+laplbsltwpxpi3rcfnr7y2gri1izmscuyrhe=.attacker.com,1,2
kbjawmlvdgw0qpeirxgsnr4tzvqwafdpozsxqckrm0q=.attacker.com,1,3
quggcpruxp9a0f2o/khiwwa1ppecsb5+lopvstnecmu=.attacker.com,1,2
8fpwv37nnqqqsadsojre028vv9fonufr546bz3exbie=.attacker.com,1,2
/thoqcj+3tlvhhggezvs5/ozcotwweu6jesv6sp+lz0=.attacker.com,1,2
2i4r/hmgmtbc6uexzoc6ctsqzphdrll01ias/fmbrr8=.attacker.com,1,2
wn2k9mnqozbscmlljehsycq4iaojtlz4ji+itxhzojq=.attacker.com,1,2
ehpcpesujqs9iu3v4wcj/lkr93ygwhgrwzhqsd42jhs=.attacker.com,1,2
svrrhk2psvrebsk4vcasqd+lrgecebc7g0engpqkyka=.attacker.com,1,2
ugttpovfq5syzde8f/mfualuaiidl0pzvpyfhkgo+ho=.attacker.com,1,3
0rlzzj9z0a+bnmnzzydxdk1pdqazwdwtbw84skh3uko=.attacker.com,1,2
ubal+utuomkumljz1eynb4zmb9p0y4kza/24dh3tatk=.attacker.com,1,2
n31tgnuk+wi8f6fqq28knktmapu7x+ctj/a2nzguza8=.attacker.com,1,2
27ocpa28lc2vvs5jfnocgl0vsvi5gtticycwarhbmmg=.attacker.com,1,2
ftdj8jqrdwgzuhe7mucikhgwqoe94i/2nnlfzadzlak=.attacker.com,1,2
/gweqsb7uco/djmvaktvuzklpwxs9zs916+sonkzjnw=.attacker.com,1,2
qqflmhmrgtwk+pwjqjnm4uoegww4tbn+ancj88y7dn0=.attacker.com,1,2
qumiqgbj05xyb3ke0tnnkenqhxmatod5gfzvaubx1yy=.attacker.com,1,3
9lluklpvf2awanu6torkwfht853wsfxhcsbov4fihsk=.attacker.com,1,2
s0wmuyg4kyzz1gu5/7svg+xr2nlgmiffpv7bajkvbrc=.attacker.com,1,2
r/ercvpwprtdcfllxzj6seforobqm7xrxtcyplpp2cq=.attacker.com,1,2
6ayn9ximoqfrixu/8jcgfohcidww52wsjzgpbh9pnjg=.attacker.com,1,2
km9vd7nvhceacpjaxnfulqyouwje8caq1isosry8gl0=.attacker.com,1,2
oh+0od9waqtxwfvikwchi5bnrxd25jotlqdg/r5dm1q=.attacker.com,1,2
i45axbjtgnpryeg5xiwnjzwawo6en5thy8j/dusmaqq=.attacker.com,1,2
_http._tcp.us.archive.ubuntu.com,1,3
kwif7gsb851p31p6qjzom74gveyowxq0skjry9fvtwo=.attacker.com,1,2
lbyaxpudroxz7zi8ejraoyqkphkjelihsn5s/vvlsdw=.attacker.com,1,2
uulnjwdgt9ujjlgytqsrjlsqe4hkxk033hpb5h/x6pi=.attacker.com,1,3
bqpdx3ep1tcsjapwuzsgeip5gsiybdyorxinpsdkexk=.attacker.com,1,2
r47y+8acz4/z4hl6jwe4a0cuwfkiopo8n3i3id8c0sq=.attacker.com,1,2
my/vrur1c8oc/kmup78bxseisobaqg6pehk1i5hywqy=.attacker.com,1,2
tepzgja4mg6ajcu0e17ffmspkdf+/vyuzucwpcpests=.attacker.com,1,2
srx8hcynnistgtuttgom+v6fxheg7xiw4upxffnnnua=.attacker.com,1,2
djfsxxqu0bt4bkqsm0olhcxlqwqhrtuynqxfm/yfnam=.attacker.com,1,2
qo+iiihtwrnwlumotlqa0iwqm8pl9ib3xu7e4zv/hh0=.attacker.com,1,2
s/fhslow8xcrjjrndszvwa+agjfkcnutao66oezqou0=.attacker.com,1,3
ivla7k3jrkc+4/v/ecjy9mcma8hvxt74rt4ui++urow=.attacker.com,1,2
cjf9juv/rz4uihjov+porihcifbqq4qeaiomovujfs4=.attacker.com,1,2
e7pt52kqxdaspbvmse4huzlm0adj1jcpxkst8ykgsau=.attacker.com,1,2
ymfairv8ylm1pamdehdxsllsiw3jfkw2e2ejbekmhnm=.attacker.com,1,3
8ymho0zkp6s3dla80dsxjpw5c7csemvtdoeda75crmw=.attacker.com,1,2
5pckmdcoqxx1pzruhu/tpk7ygwjxulfxxqqbiqlvw+c=.attacker.com,1,2
awcp6ovttyuwgobqg10wfs+uonb8lo+abgcbuyxf6nq=.attacker.com,1,2
17qa8epmgporprxtito+ugmf9ynvorvsiwkueneay/q=.attacker.com,1,2
x57tifdukoyfhz3e4yvqan7degpqitut60keemgive0=.attacker.com,1,2
szcyi8e4fdga6f0pt+vc7pzxjizhckincj6kno2xdya=.attacker.com,1,2
7x5sf88titv2vtldwr6lcxh1d/hu8c1b0k8hvoc+ets=.attacker.com,1,2
loj8mfowb1/tyomkem5ldqgnllu1uptia1zuilw8esk=.attacker.com,1,3
7qzcjafsgu77heqyjgavakbumefprhilfjr6kse1f/c=.attacker.com,1,2
mi2am6j/oujghp7dty5rmpo4r/789iiwisqmfjymkro=.attacker.com,1,2
t2ciyk2bm59/quju+yjouexnbdd7lpjsrzxzzo/ottw=.attacker.com,1,2
pvj5ggufraawwjrllubqoi8x9js+qaznyl0bzalo/lw=.attacker.com,1,2
vo02/7bw+azpriyjbcdtui+wodsfedzkk3djlf5hinm=.attacker.com,1,2
63a7iy2cx2tun7qv9rsb3jhdfbqnfsq0fe1eu/9jqkc=.attacker.com,1,2
yixlw2fcenain52tt1fedcxlggqr3xdtyiqb85fufeu=.attacker.com,1,2
dhv0swwozqccpjucdp4yhuxi7ohmjj1ny1rdzs0vonu=.attacker.com,1,3
axvoe0qnpivzzzjq5m8f6m0lrqmf7bkqs4++osyuc/k=.attacker.com,1,2
tjqtqhlj+clrz1iic4scirpl4cqfdq9xa/332ory0ek=.attacker.com,1,2
pbvrtszvn9wmv7i83myrperqu9rjq5u/psrhghoqo+m=.attacker.com,1,2
uzcqv3+75uko1qmdwo/ng7iqo7knijw1lrzzdslco9w=.attacker.com,1,2
urozrvhrp6p+oitlfvjizr3ic8xghiujf7ann4fyobk=.attacker.com,1,2
r0hobhtowe8mrjnbt9xujcqzkzjkiy2lb3eyvg5hsec=.attacker.com,1,2
nsx4p1zagcowzvwnoav2cepzehs1sybxgz7ns/euqqk=.attacker.com,1,2
c0b/iwydinyulpdi6ebg6ylyswsbvuhu53u4vm5udeg=.attacker.com,1,4
ny+k325fko2sqsdw6wngmaxoeitj6fg9grnrexxbj44=.attacker.com,1,2
abwfsq45cn7rzi2ewytq+a2zp9pp78kt0kailf6j13y=.attacker.com,1,2
ilh0lqeja1fsy2aguxx7z+b2o908amy+qdskxzjvsii=.attacker.com,1,2
whwo6z6mu1f0fsxvwky/absja3xuvhxdqxqucvmf9d4=.attacker.com,1,2
axw9zwf2r2yhd4vrwdlpfx+daa8zv/0k30m8ubzc4mq=.attacker.com,1,2
xelxw/jszlrufspl65wividezkvvpif7dard9qtgsme=.attacker.com,1,2
7t5+z1xxm0ehtxhrkcpqnynk6tzzirludrygrojapzm=.attacker.com,1,2
ia5/j/gsttpfs2fb3symfpmbkovhasl6mfdpf8mrt2a=.attacker.com,1,3
qnenpj19mbfvwqiy6limatvelqm1fd8ztueumlrzrx4=.attacker.com,1,2
kagmzp3lf/9i/bvwbs+qb1er+vznsivhm8wxedgql2q=.attacker.com,1,2
7qllmxbnpixc+8oobusc8p5b65tbhrxpz0sjutjix5o=.attacker.com,1,2
ntp.ubuntu.com,1,2
tacyzkpjxttvyx8ne3ze4oi1lh/xuohqmo6+5iapr0o=.attacker.com,1,2
ptl+3ypqt8dq9td8ulmtxvcp5bvxj9ty0d3mfghicsu=.attacker.com,1,2
zea2s+qnpeam59j79iv+y6+wlsk3jko/o9gkoopegxi=.attacker.com,1,2
rvks9lh8raxyakp609u2ctam5jdytrmsap+aguk28cw=.attacker.com,1,3
fuwtsel9kev5dzo4vr6jzzerzlvleqtdyt+7vbiqtci=.attacker.com,1,2
2sjfhlh1atklcd5kkkcxul5kun5hiqylnnyufsjtkqw=.attacker.com,1,2
hwvf90dvacl+hslgoaelbmpjxwnltygzs2vijvjibcm=.attacker.com,1,2
qzx/mi0jzodxua58bfzaxwccjfnbjpdaiwcel0xkuqc=.attacker.com,1,2
1fzctw36/qo/h0tawsms1totoi4qjfan5bbhh9mjs4u=.attacker.com,1,2
pr8+7dvmb/txg1td9nk5zajmenemcsr45ozxc3d6sri=.attacker.com,1,2
sebospf2hxojwf2gksam3wjojn5k4ltyl2pye5wbizk=.attacker.com,1,2
2vvixkcmlfyvubxfpknrbhennu9nh86jgpdkqwdofmw=.attacker.com,1,3
vpdvukflym09oazjm6ybpn6lnzmlhcd2xtba1ppxhpq=.attacker.com,1,2
ashmwfspzab1l0p9ds4ghhmxpoolrrxfdby5ate0kvs=.attacker.com,1,2
hd7idbqgtbi0yirpmux5y7y7vzkqfko0jlldkdkjhsy=.attacker.com,1,2
9ghfe4nwgenl/+qv8z/ahbhn0fbak/bpbyt66fh3fss=.attacker.com,1,2
qmd5ofsdsi9imvn6p87xwcf00il5c4ekqiash60hmrs=.attacker.com,1,2
xtlfmxx2afyshfepo6qe75kxejlalmwk5hivipjaekm=.attacker.com,1,2
puzlof0gv0yyns5jwp43zikqezgx6qr4exsie1cpnsa=.attacker.com,1,2
h6dd77ddly3xgqflpvsxrwhxstteiktqbw7gl+f2dxy=.attacker.com,1,2
vwqn1i8gqgqruxnphmd3rolno/wwd9cjye7ehwwuqwe=.attacker.com,1,2
auq+z4fa7eobk9j5njasteneimcelwzmc4gflockmn0=.attacker.com,1,2
rdcruaq3ds94kkazenv7zdh8frk52h6+osdy6luqqfe=.attacker.com,1,2
vhkbb2b/1pk5wvwdysd4urxyne+omtdsi26jndpdtwo=.attacker.com,1,2
de+rqx78jaqf7pderhwzmcnxwypg41bibzoujldktvi=.attacker.com,1,2
sfgduyhvrwqn2dzbjnhc0ssluwr+xdazvh7dd7uyvhy=.attacker.com,1,2
rxeene19i/schgu0lda15kjc9dygcnumczvawuntzoy=.attacker.com,1,2
rypyt815fnoysj7xaljq6lehmnb+rsmcxxrpoaorxzg=.attacker.com,1,3
bso8vzl3t80p6x49njxftvjrkibr9iokbcosbgyk2cs=.attacker.com,1,2
mid21umopysb18l0kg6nxh7rocygrqscn5pxznhlxx8=.attacker.com,1,2
ac8jlfowylytk63btth9grftyw4e5hka9li/q3tb3om=.attacker.com,1,2
uuzzyn5dtcobtaua8wzg0og7c3blezpjncbsbjwwfus=.attacker.com,1,2
erqeoc9eytelz2hk0erc/6shguuzgpuqwucb/cvamhq=.attacker.com,1,2
1obb8unzj6ujohzzxjvcjaokxdqpwz2t12qkgjessjo=.attacker.com,1,2
f7i02whabsma/hbk6hovu3bafm28m0s3emw3hgktq4u=.attacker.com,1,2
3cygbf/oyzyfhnvpxgqfm2iyo+kniipoer5w/pnsk4m=.attacker.com,1,3
out7hemyp40nzdup2tzd5gvggohq1ai39uluehimas0=.attacker.com,1,2
b6ktu6xulxomlx0fuytp5phj3jn7m80avlaeaiw13vo=.attacker.com,1,2
csljs8tn07degqerqvxfcad7l343boiqhwrvioscwnc=.attacker.com,1,2
a7zz5fkvcq6o8e/htk3ljrb7wmzmesena09wczelkzq=.attacker.com,1,2
qbsoknyo5c2vhmp1xe7d4xhjus7/vt+hzrj/o3t6kgk=.attacker.com,1,2
amuqrvrf9zrcvsczolfwzqtgsf62n4tcsyz3o6iytja=.attacker.com,1,2
erpaued6qe2ho8lmgz4glonffhlbikkjxmayj235gh0=.attacker.com,1,2
5k6c9zfkptbhs/+wyn4gotxjg2c+6eutveixhk7bdem=.attacker.com,1,3
s803fuuqrbmehb9x3h5nwpfx/bwra4ozznyglhuh7li=.attacker.com,1,2
ktp3wdizgmwql54q60ai1irqd6ezfbzjgrasthb3lts=.attacker.com,1,2
yampmihjqgj+jsifdklrchhyytpym3sdgtox+4sou+u=.attacker.com,1,2
me95prlzlbbuv/pkeahvapju06tbcnbhiwu37m0bqe8=.attacker.com,1,2
ybg9str8dfwmgodd4eb5wh5m4yqfookqlotgackd+gg=.attacker.com,1,2
piuvds//fhwwugv0wzee2ip4q9h2j2cvjt3mtpnqyv8=.attacker.com,1,2
hzhhra1piwwrtudf5cj4ncfo9qzby4gsdv8+nd1t2hq=.attacker.com,1,2
6yck7t1ertwbczg+dey+hht9jk974zu4kbauqteibgi=.attacker.com,1,3
snnyau+dwx8eakzqt17facswjvlqfayconuqvoiufhk=.attacker.com,1,2
s2adnsgy6pcnw66yttvnlpd5msrvn5w5obnas3hrjds=.attacker.com,1,2
3fgnuuqn9fa2qesjrnstnz/ew2gjg91n3oibynmrola=.attacker.com,1,2
b4hey4shknpjplxklqknlrtrdzzyth0exckwhx3xajc=.attacker.com,1,2
c+dzg1j8wgww9tol2ejgn6ilvvnkwzcltka7jdbilgi=.attacker.com,1,2
3drgav2rwj7e6j/vtuk4mnnfp3k9smanoa1li4ud/co=.attacker.com,1,2
dh2+rv13hmp9qf7fdrqywxihgapwe5yxuituryxgagg=.attacker.com,1,2
wp1wivwhyyuut6xqyhvmc2cg0xelkqsnnns1eslpdro=.attacker.com,1,3
ul9ao/rmvhqbzvidxbgrbw4obqnhw4o4svetzoufiyo=.attacker.com,1,2
lfkctzaxgrpkgpm5borahoh+8ruxvzks3l3iibsov+c=.attacker.com,1,2
lofeerrqnq76bscwzdls2nkvrrkrkkmb0jzkvc1qnim=.attacker.com,1,2
jja/x2m+ufgenmjhb3vctsnfg3t5utnzuhgk4le+rlw=.attacker.com,1,2
pnezjmteckku2qtl6hvpuehmsjtkdwqa5m6m8k68l10=.attacker.com,1,2
w03j71y08c3/yhdlg8hdvycsxlpyibnl0yjmwk8jvfm=.attacker.com,1,2
u/vjvjzpavanjfahyhmgwmpsbq5nrnhihmet/mkstr8=.attacker.com,1,2
z2gcakdntvr4qyjvlohr2wpcmya1n9raucdbwcucyb0=.attacker.com,1,3
x99ubtnhkjgsjak+dg+i3w/8mkiqkfvcghl+pevesio=.attacker.com,1,2
ssextci5j7oigwgifeioo+hk3w8ges5tgiscffi2jf0=.attacker.com,1,2
mj87riyqzd8nmkry87lqjtkp3afxyonlkwdqu/ih9ng=.attacker.com,1,2
7ss1vchxfi1fi95clga0yxmwaxxnj5rhdgbwbxz7g5c=.attacker.com,1,2
6vrp8wmwbyiphtxvsdqjccts4n3kd98cmtvy6jasbqw=.attacker.com,1,2
skikib+3orwvhpdgranojf0zehudoj71qv+j+1ruy88=.attacker.com,1,2
yjyv5u6ahig79wje1bg0at9c+wkiifuwe1xkabckvxa=.attacker.com,1,2
6p4auxejxopo5hfnv3nihmb5yoqtln4vkvisg0z6avq=.attacker.com,1,3
eql8nzlr5vmoccy4gjchcov/gqawfa/nepe5+qelfro=.attacker.com,1,2
x0kcmvefuvwswtxfy5tdbcscqh33mo4pjxxlcpaicxa=.attacker.com,1,2
a3tyhco5vpswwhrrd8z7x+impouonoiaylvdxkjwc4s=.attacker.com,1,2
rodcxmtulxjdlwzamue+0/ta5gdgvocvs+uny8cyaha=.attacker.com,1,2
8dzkqkh6wrulsbbqmiiz5ihsyglqd/hhkhvhu6e00ug=.attacker.com,1,2
kmmeq/5vemujp/uzwuzmp8qs9a0ibndt8hnugavtfwe=.attacker.com,1,2
lp/vetyusjkacwgcurwue3unnlx6obmcaui5ytreiam=.attacker.com,1,2
towel.blinkenlights.nl,1,28
u+526hvwqrtotuvpbgfcanwaizvwvfupqhv90emy9+8=.attacker.com,1,2
tbqjkyuomoub4g2kqkda4koxzqf+qf/u0xq62f5payw=.attacker.com,1,2
n1lxes1uoeehgw0hy02fzftrs1xfhxj64mqdype72a4=.attacker.com,1,2
hk541caizl/aa2+k3mksrjaiwmlvaxeiaykqnx77ziw=.attacker.com,1,2
imelp5pg59kiox9aaawsqtr1negqvtc1yweiloh+slw=.attacker.com,1,2
p2ebkadhy0yetktapx/qkr4les89lqdwjptcn2qndyu=.attacker.com,1,2
dhe8b74zvo1opgfpewefg9be220uue1eawp0voisvik=.attacker.com,1,2
ovtgwilljwgfvg39efehptisuthnavlrpuh9+zktbbw=.attacker.com,1,3
uwlohh7jbcuxlkkbb0tu6zkr+fmz2ooxce+lfzzkgfq=.attacker.com,1,2
oz2tsd2r3hnfnvkhkickjm6ebf+ekmy6h5n1gve4p+u=.attacker.com,1,2
yhdgtvzdak5koygsd6+v7p66lpug3vbm9hkvt75gzyu=.attacker.com,1,2
8hcmihkm2vuow7imt1gkn4njqo3r0hvmbu6iff8w23y=.attacker.com,1,2
t0txfrddo4vdeuuanr0zparj2rwynb787bli+t87awk=.attacker.com,1,2
8xmvv5zzlhjy2gqnpniqasz8afl1gmwnoantbwkq294=.attacker.com,1,2
lzwu8blvr5yvte6tqibzvnkzovreu+kni+lspls0guk=.attacker.com,1,2
cnafcmiz+l9wofmapp3ivyrl79rshl+wmy35hzj1nbm=.attacker.com,1,3
oy5j+zifq3kpssjt01tqxlgd/i4jjl3nke1jol/wlg4=.attacker.com,1,2
ckd/lzrdfi+r4zf/dfu44m/2bxaq+1ne5vhnpvi0j4c=.attacker.com,1,2
jkbmrvsy1qosa2ihw06sve4kq1mxx9nfcqkpc+ovqrq=.attacker.com,1,2
ixwv2q2mlwrtgdfrx0fw5dj5ggafv2gkgaour4k1btw=.attacker.com,1,2
hyxhufagh2wa1/zadcykfhxx2foavqsxjq0t9ddpdow=.attacker.com,1,2
brnqotdwp82d0ne547kgumde6yfipnch9usay38te9u=.attacker.com,1,2
ltrpuo2obxnv/wrrah/jhzvznmp0zkxen4t7z+fq6yu=.attacker.com,1,2
8mxcra23j29vqhuhim4wb6nmzgmgcsxnjy2orvjwch0=.attacker.com,1,3
j39pt8hxgw5dvi0ityezwentigrtafpb1so8jpqkl+w=.attacker.com,1,2
nlwd7lwao110np8cabdty27jzmglsyo7lb7repwdcz8=.attacker.com,1,2
pvqyn0dd60xefk9ld1rumdfynfcm9dp/re7edgyxs7g=.attacker.com,1,2
hir+nvod3h4yfyv3blebsemj6xaest7quzhocc6fqb4=.attacker.com,1,2
/q8c7zayg3fd2gi8guke/sj3frpf6cludnu2lppr/oe=.attacker.com,1,2
vy+odeqyd0dstlwrjiipfh/gjeydhsdtn4peph4hpo0=.attacker.com,1,2
hiyhbalw6ln2bkoahqehn/sxjn6kuguwefapvn/l2cg=.attacker.com,1,2
rr58lvckwvcje/wya23sgvzqpso8rslpyvdvlhp9tow=.attacker.com,1,3
1u8rvsjbu7q7xnhzis5tnlz66gxat3ludeohi9g9ifm=.attacker.com,1,2
hzlyr9ynyrls4p5b0ox/bqslokvwt7vxk50qexrveyc=.attacker.com,1,2
pblmun+vzlokk4ojkbu8e6wywtaukeexuekpyzir6sm=.attacker.com,1,2
mx0mwuarp7gm7alni+tr6ihjyyoltcd8pzciic55iue=.attacker.com,1,2
epi1ulgrn83ssx5uhtwqf3pt9ctyxhj/dxqclex207w=.attacker.com,1,2
znpos7w/kmkihbdcpwmd2yvjhwbl7skdn01u5ztfy3i=.attacker.com,1,2
6/k0pagr/5439bxmiykxxee5yowavaptlfrqtg+lgai=.attacker.com,1,2
zxjtmlfzfv5ceti1wmqgjwd2hyubxxw/6gkttpd7ye4=.attacker.com,1,3
butqbtkzoo+nduyrueczshzt5fj27zd22hmy/9ouk5o=.attacker.com,1,2
olxiptvfg47wynhqqbhdlkvkyjtntoillhkgc4r5nuk=.attacker.com,1,2
q9mdmctb4+wf6od7hfnadxam5ovauktm9yohwkfqvdg=.attacker.com,1,2
r0zcsjnhkoo8ovakz2uf5fa1tokkmqfuno9ggegwtmu=.attacker.com,1,2
yga0ortrmdadab+ntwwlx+hofyzolrsqnezituwxx9s=.attacker.com,1,2
sa/uesbagooxr11mt59m2s+0suzsc7dho9x+yg24px0=.attacker.com,1,2
zz+gjgnqbheqc/hfu13dfj9ykm27nmbsyf/zykxtzoc=.attacker.com,1,2
jevkuhlfyc6xchzbyphqxxmpjbetsviuhxxzznsdyt8=.attacker.com,1,3
/0mdfl84sxp++6tmoyba4zdf8azsljvv8kul1jkwue8=.attacker.com,1,2
atlwqfr+sbvpsbjtvy1rexg5msxyc9xz0jtubahebkq=.attacker.com,1,2
mp6l0fwuo9k7dqhgai8/pwl/xrlg3uz7kfxfeeh7yec=.attacker.com,1,2
evctgxpnz5wdwcii6lvqzsji+gczce12y1ljtnwenbi=.attacker.com,1,2
w2pux+heb1evmiwbdoy/kchnixuls2f9zzhn/ya9vai=.attacker.com,1,2
mouy8xpvtdsmsuhhu6se74cjuxjvqre970a7yobi8lq=.attacker.com,1,2
mmcc0iponqx4lwhnkcvnk5gftzkhe5q8h/lobg8e35g=.attacker.com,1,2
taz5mf9cjltkqc4wm71wjks3yf6gohtdttpr3qeefu0=.attacker.com,1,3
r9zxtkawss2y7krseuwfjnnrqev8vvjqy8ob64zskn4=.attacker.com,1,2
eb5poviadwyqi+4lkijscts7fzkxvjaaexgb6o6qzt8=.attacker.com,1,2
llxtuoo04o5g8pagwdtt/rval+eq1jvvpnphvd03g50=.attacker.com,1,2
der8fkt+xysmtqzcdyszyaqicxu3n0o/hdph6qoucwm=.attacker.com,1,2
dmamkv8jjo9gw8otfoqjyrlujvk6ljeuts8vdedd4sa=.attacker.com,1,2
ppz1tmbfxi9yv7yhmvcrchj0dw/u12jfkkzs8l+hehi=.attacker.com,1,2
0ypnegw9bgz2zjtbgtkjvfk/hn25dt+qdbatd44s0fo=.attacker.com,1,2
y4kw0rr7+kpvmbujv9urhom/rufkh+unnhwo1s5hb5m=.attacker.com,1,4
fvn+4h3icz0mrg3injaec71udljyqf213nyfkylzxva=.attacker.com,1,2
bmbyel/inkqio3eq4ahn8bwuavprtozlam/smc9y4fe=.attacker.com,1,2
vmmey53eayvr+eayozxkxw/3w5ocfov7vevuy7ejngk=.attacker.com,1,2
mnhymtxvc29y3miux5/vn4bkflkg0zk2rcvgztnnipy=.attacker.com,1,2
cysxdpgcaenpldzayzqgqkuw81gpdh+q+z8ovqlip6e=.attacker.com,1,2
8tnzwu66gdlathf7ey4/c5vrioyfs+jv5ekqun5upqg=.attacker.com,1,2
161w/+qqnre6qnsxdwstcwvsns8exo8/y29qo8/axhe=.attacker.com,1,2
lmzn+tlyaiype3jnxresssq2nrt1fqirb/ck9zdcggy=.attacker.com,1,3
rk6t/f5r5pgjl6j0iapwr0p3foozzc5gxg5sw+jwdhu=.attacker.com,1,2
wjtavvkzczeindpvbvxjlcoftcjpa2l4eyxigywdo78=.attacker.com,1,2
j+4l+3otzfhjhmqsapppvskwbq1b2sdiqgruyo+iaiw=.attacker.com,1,2
e/pry2ggq/eez243nmvrxrjzbbqqpvy3ueuz6hnxxha=.attacker.com,1,2
ggxyu6a9dhpytnhfk8zf8c8s70/xezpthkaaiamvh7m=.attacker.com,1,2
tuqxixad492c0da4ldyqognhdmjevigt+krxibret1y=.attacker.com,1,2
ik9adx2vffnbxv+n2du0wa0p5ccpui7ou8eneq0yv3i=.attacker.com,1,2
lym0kllb9l3cqx00idifnycsc+cx6/kvks6axjexa5u=.attacker.com,1,3
g7gl4w4es4an4igggkl68arrsgfdtbsjn5rlj+cyyiw=.attacker.com,1,2
crql0b8d+w+iszirycym376v5sm3zwrhwsyymkxfurc=.attacker.com,1,2
ac5qzb6rjtcp1ipm7ivacqcg6tbt9/omdhrmromcziq=.attacker.com,1,2
k/xoubbey1ixteun2y+d4lmranntl4xwi2fetp8gdhm=.attacker.com,1,2
kjzvplzxjpgjc5tx+6ehxbbhlsxn6zuyb2rqevpgdo8=.attacker.com,1,2
tadhjipnymox8cu0be7yfkj0qxmc4xs481hwf+lgb3c=.attacker.com,1,2
di9ml7rfcmdoz5aud/h9gtzixmejt1facilm8tczjz4=.attacker.com,1,2
7tjwcqkdtgpiruzfogfe0nn4w1gwd0leexhfbs9ydp0=.attacker.com,1,3
4r0q+i7tbcgka5g6h3ulgsfcb0um7udlqi5gi5qslgm=.attacker.com,1,2
cvurkdb/u8wfuloxobc/c8uw16xvqrd0s9a1ab5lr+i=.attacker.com,1,2
micc/s3smvb+e0yks5fzehwr3rkzwqo+hspxexzqe5w=.attacker.com,1,2
5nkobttcaznpepsa8zibm8hh8j/msndfpoqt9syddse=.attacker.com,1,2
7f/xmvk6n84gnzn8e5gjlc7aahakp3hgw24sadqb6s0=.attacker.com,1,2
fvmfpfvm+vfklqxgbkoy+thigsbaznj5l+fiwxkwez0=.attacker.com,1,2
xtzwmg5jh1p+x4vxiux/qzx7x30hu5+fzoi5mkaisoi=.attacker.com,1,2
ubknikwdgl6lw8ejzqufa/fbzub/0zaqnanwhyzcyui=.attacker.com,1,3
gwei5yb0yjly+ayft3fnbpavto6maepw+prz+ncsuvy=.attacker.com,1,2
a2l6w6fxfcyjqlsxmt1ggaxt7yemxbykktmbpzpelw4=.attacker.com,1,2
59oveqziuesvk35sjxrymbuijneu/h+xu2b1nbrfe4q=.attacker.com,1,2
ltmgkok2t7iaino07u+dmv1pbq0czxftbsu89ytugpg=.attacker.com,1,2
feermtfftqyxtqhk0bpucpqeuj6xfsuizxbiq+lu0a8=.attacker.com,1,2
yc6nti2ikskepj3lneonxckog4rj+ssfxgviwy5fcyk=.attacker.com,1,2
rsdxv8mibboo4tsepch2w1tmszb5npagzxsnxb38+n4=.attacker.com,1,2
d48fhzfeosfa3vugho/lp8gbmik9vss+3fehg92gqio=.attacker.com,1,3
ef5udrzgaddcrxmd9x0numzii2zxka7f93h7ot8qwwy=.attacker.com,1,2
kg5k1cv9rxytsocdtlllmfji5q7wzd1lgiytrcfvtji=.attacker.com,1,2
3e7fekrqdjzhwgkoeirg5fdcu/psoccxxkx52ij69ne=.attacker.com,1,2
yncbr63a04ox3tfi7a0x6pu3g1+qchteftspyoi3+a0=.attacker.com,1,2
cd5fk9j0jdtm1q9dmqokut4zz8s3irfsujbetecf1z8=.attacker.com,1,2
1bc0odmrtweldb9g5g8wawnb4p2q5w5kug2a7rgflea=.attacker.com,1,2
f76t5bz3djsroe6vxq2dgof+4sznwxsujup2dogm5ha=.attacker.com,1,2
ncf+7mh4o+ralahd63xi9bnivzudz6dcj8yr4fr/uxe=.attacker.com,1,3
c8alnxrr9od1f5e2rxbvxlzjyalxbiu6f3okuegksjg=.attacker.com,1,2
yy6qmkgz+pyynpixtubglyct1dzomptz/qxsumg0frk=.attacker.com,1,2
njdm2qb63jn81zwxjf8jjyfxa9n8xbvirzcf9lboizs=.attacker.com,1,2
8zzxxg/c50rn9drt00btadcjp/hpy53ybaygb3laagw=.attacker.com,1,2
8qard8hnzijdisvdmtxxruidw5qkak32izf4p21l1wa=.attacker.com,1,2
jru4dcbuv6ebvutvtp1rp7t4ng/w25usaeixwqs1tbo=.attacker.com,1,2
hwzvb/a2qq0nnznaeokw5nnhrpdfsuwq43oza3rszfy=.attacker.com,1,2
n2c3dvbh9mfgornhiawgcodtykpqr+zzunve+pqqhxi=.attacker.com,1,3
adtimbidwxc1pbcjc9zdmh5jy0rdrqkg2uqpasxhfoq=.attacker.com,1,2
/se4bbht6sgxs/fnjt/cbfbaenqwyn2t14lu297lz3s=.attacker.com,1,2
n3a2wkwmbzore0dcmxpea550exwn02rmnnni4rltguw=.attacker.com,1,3
wqdqanccnpzq9dvnj74go4tp/mzgj8vc+u09asdsdfe=.attacker.com,1,2
q3wymttvi04kkl0pq7plnvr0g8qyxbuwyaqamdnve1m=.attacker.com,1,2
xvp3isf1ne0ipcm7at4sf/u+1lel2dh+0u8asdndfrs=.attacker.com,1,2
b9jzyvmemewdp2bueipjf+3o0mt8hew7wk9llsyafeu=.attacker.com,1,2
e6dkxfspqf/1zptqqhgikg46ysub+8go5sox6elyfey=.attacker.com,1,2
b2ge8y6xqdtm6+th3llm6oc+fj9htkrjguqn2p0+hhq=.attacker.com,1,2
hfc4mnwaddrq2bxkxzj3vkfwd+hnn4k5amj4q73jhqw=.attacker.com,1,2
us.archive.ubuntu.com,1,3
qjqezixgyjrngjusmevz5zzmqprnxsczwkckmvwjnjs=.attacker.com,1,2
judxsob8ltg4gqwzrs9kovjkct9avjopj6in0bgbdzm=.attacker.com,1,2
nfdldibv0wtswngvot9trakrfd1/csx0zsyzkjjf6c0=.attacker.com,1,2
rowealumoifjevwhljyfzaegk0+7zfohr3fppdwceqo=.attacker.com,1,3
9ss1azzwolb02kvuvqvov8ytd7jo+whlx80vq4al2h4=.attacker.com,1,2
sqhw+dpt5vpfnwfvcm+lqqwqcfs1tnqczarxenrsvhe=.attacker.com,1,2
nkuci06it8daudhbr7dfz/ag1a2qlclw21lqv+kzfyk=.attacker.com,1,2
archive.ubuntu.com,1,3
qpjqil4mdao915vilg18mh6xo0qx4kakg5f0iuzo2bs=.attacker.com,1,2
iohz1k4hjzlqb5eb1ljmwmexturkjkc1znzdrd4mndu=.attacker.com,1,2
dkdqolxesa4uazow5loh0jedgn4wsqfifmvttesc41e=.attacker.com,1,2
qcxkbd7az/scsqtqo8ebo5tb4apkexxmfjwu9qe2gzy=.attacker.com,1,3
a2h2eoffb0tfgbxlbpzty4lpx2gjjmab87iele70p2y=.attacker.com,1,2
ji5r8lb5iwyvydq00sz/vjej4bjtxjqrmkegchmvjd4=.attacker.com,1,2
jlffzcj3lwxwiwzzqjtbygjikpummxzvo2mp2k11vdg=.attacker.com,1,2
/xd5z1oxj92t8rx+gp1fak+y0uxfefstc06t36pppa8=.attacker.com,1,2
hiazb7ciexay+zuxv/nawpnculstg0lkzdtyyt8vnw0=.attacker.com,1,2
raoom7xq4fsnajk2pbrblqg308sf78vhnnn4ufw+ty0=.attacker.com,1,2
/oddhjdyzpvhkkrf9fxsvhukze/cxztpw0za7tikwxi=.attacker.com,1,2
popvbuwaym4v6m7moswxgw6zhlpd8vkgsmgm78fx+bo=.attacker.com,1,3
cfni3tq+rbmslvex3+ivt97zxppm9ocfvolqelp36aa=.attacker.com,1,2
okmunidoxxppov7ywd5fugmwxq5ocqcgsltjcjr/hna=.attacker.com,1,2
eagde4vwowmvjyv6q4k68m8xjytyvuxf92zfbd8sqxk=.attacker.com,1,2
das5f5onvn84inicgnaq87lochdoatirdupw8uhqzfi=.attacker.com,1,2
e4cal9pthmdz+gllmhr+2z8uq2nal4nvlzfrx/vsqgs=.attacker.com,1,2
cwpp6q67vgj2uxnfc7thpcd14pjfxyxz6uvyxdlbik8=.attacker.com,1,2
eilzxvx8yjzqyugaxlud28idipd13uwmbye6mv0xnmo=.attacker.com,1,2
s4ei+d/twd4u/fhmb4xy0w66+lvzgliwucagfle/vww=.attacker.com,1,4
puygycvb8cwdrvxkdub0i+s1xgf58tbnnwoibdfpjn8=.attacker.com,1,2
l6unmsidu+jityuadsmkkx5hoaptqcje9xkfualcftu=.attacker.com,1,2
tl/4b9/3xn7/uhxdgdj+z1k8rm3j783hmpggew/wlbg=.attacker.com,1,2
loogzfoqfpskfmd6e6bjamhgw7jy3rffbxkcfza27mo=.attacker.com,1,2
gr8gnxstv8hruvgfr0odizhibsipar4nr+wg6j0gbeu=.attacker.com,1,2
efbs4s96y5y7tztkn6af/znycasxx5jwtppbr+ctwwk=.attacker.com,1,2
tcxht2mueezqg6mvad164jhi5bxuabbwgifuz4ycm5y=.attacker.com,1,2
hblxmdjub5fur7fu4p7shoht3g1smcvqfps1arwlmu4=.attacker.com,1,3
acp4xtelmts1zd2fagfxao+vzop0elgck7kpa/kdrt8=.attacker.com,1,2
bjegdunmnm/6gbd6v0+agvrjt+ww97vmi7wgm0i+gq0=.attacker.com,1,2
floxmxuslrvqzvcyyexe+gnjizgh+mdgtdivkhb1v5m=.attacker.com,1,2
naeca9wpeubmze0ca6+eecq0rqmvwy5odulfc2hiyhw=.attacker.com,1,2
olspxuqvqyur953mzfsliexnnfrjd1hmh7byjwbx2k8=.attacker.com,1,2
nufuuwvaoiw/xpe8eqidq3tm9erghagvordzo+7t9zy=.attacker.com,1,2
my5y1ecr1/rm+tzqq2v0nk7g6paltmotojacxf380qk=.attacker.com,1,2
d0b54oelus6n4m9x1sbmjofkk3r4jvcnm9o5nq16zya=.attacker.com,1,3
4dwnwhd2uig6ittcwyaaqdqb/yno6vcbqrsj6wpsr9c=.attacker.com,1,2
tl+bmyzedtmb1mbumxlxe7+5ww/jtfqzn2wrdufrf+i=.attacker.com,1,2
5rlomdi6xmumigxun2l7lauzh5qabl9bumlg9grn2ru=.attacker.com,1,2
sss5nr8nhtwe/gkilsept3/rspiztbkygmdy/zs7mha=.attacker.com,1,2
8qwbrdrtwadtnsrbkrohmsg3qj1+wuwmrlnt8v3x5oa=.attacker.com,1,2
r+vytle6bfd97cwoh4zarsoa4xtofxeswg40ekndd8e=.attacker.com,1,2
qhhuv/dx8pazubjyqmxgvuizx887c6hidwtulhg7pky=.attacker.com,1,2
ne1pjnhxil3u0bqap6hcopwkekldmg8hfd/r25rovjc=.attacker.com,1,3
pklcojsitcreuh5gtqb26z5thegpwwyeqotvbvtab5a=.attacker.com,1,2
voqy22dchi+rovig24gmhs16uollrqtnbj0vuhsnqzu=.attacker.com,1,2
64jqd8kotdt3exvdsgrswom5qg+2e8xgce3yau/f9tc=.attacker.com,1,2
4yry7d+ndtoju/rcyi3fumbcawsipthkvx242ljatua=.attacker.com,1,2
4fsxvscxyl/qxxwvzuraiqqt8oxhxdsnlij+k9lbdg8=.attacker.com,1,2
j8imfkjotjic0mrl0lfxn4fe2xsquruksbcobqo9swu=.attacker.com,1,2
6zxxyrnvju8fetwwgrz5fqruh+r/4ell+fydwqihyfm=.attacker.com,1,2
snapcraft.io,1,26
q/xdeqgmjc8za1ezgkh6egq5dvdtnbdzy3pkkaid8fe=.attacker.com,1,2
mcojserjlyj7z6wilxr/mkh6mf0tbutt0bpo7qk3cwi=.attacker.com,1,2
ejkzkr5kkvkcmjdxqp3yzvdul3sgzj8dt5t3lul+t9y=.attacker.com,1,2
tgrpwsguykuzrlnd1x63bxe2v9vomlumsqcqvbzvwso=.attacker.com,1,2
0jrahvrugzlkalyvptrggs/whu9ljkivrhl2jqcfpd8=.attacker.com,1,2
e48noz3i8ygbdulvek3uup3r73vxn5anlsvptzc1xq8=.attacker.com,1,2
fnywwjnhskpxknwmr9yrse9r7u+hr3/r5qcx0thw1zo=.attacker.com,1,2
vufsqpxixhzd4o6os5wtroik0/zo/b8fpun96n35zz4=.attacker.com,1,3
3r7w5yzudbxqmsbmgucruqyyyab6yxbgoncblfamxia=.attacker.com,1,2
e4tjax2w8narplhv4x+fuawg2saxrjw99ra0dvouqwc=.attacker.com,1,2
tz8dfczxrgncmdqlfg37btmhx4rdjuy5utnbrx3hfie=.attacker.com,1,2
hcj5qi3sqi0u/gm+/u74yvsqxisdtdyh8mv9vdutuvk=.attacker.com,1,2
iqhthtllvcabacbdjqp5qdfzmgmftzwz+plgdcdmgxa=.attacker.com,1,2
hun6hjpchsfts5dgf/proodmoe+7xsgtokfw2lmqwaq=.attacker.com,1,2
h4nehua2047xs7nahfxbuiyfawf2crez8omjda+hzay=.attacker.com,1,2
v8bvvwew0tj93nfktxoqdzq7skezz9o/b0hbj3ib4b8=.attacker.com,1,3
zhepwscy+74yhvie/onkp9lffuoenwbflp0vkkkwuz0=.attacker.com,1,2
qt7ty0my/a+bn+/igoaonhxxrxtdcm1fp/aef/n420k=.attacker.com,1,2
uvu8kblwkjzpxxi6dj5r3pz9ba/nnzmk47a1znd1peq=.attacker.com,1,2
uj+zm8qgxfntw8a6lgmhumjwnv6bce5+x+ssh2gokrw=.attacker.com,1,2
lctfmbmaezvfvt8bod/wfb+r6hhmab0/23zqzoz4qm8=.attacker.com,1,2
iz980vxztifj/g01qk9y2/zs0w48py9b3felg0/vfks=.attacker.com,1,2
1d5yemubjdfysh4mogfj+quyl2kcigpy2c6e3b/2y1a=.attacker.com,1,2
mam8nxyp95++uosfxqecajozibd/u+naeml/pzre0ss=.attacker.com,1,3
drrb0pblaxvkn904liu1hqjn93u+whpg0tspyqxss4i=.attacker.com,1,2
hklpcpf/fwkutbvpuzi5cjczms1yp8xvz+/v1se6hh0=.attacker.com,1,2
azpew0soteythw8s7denahehodam/l00dsr46mulnbi=.attacker.com,1,2
vgo+fn2+ffcvg8e0v4666syak1vgx4en5ofrenbuezi=.attacker.com,1,2
jbz08jvvyuivmpwdiwy/zdqd3n5xztos2buz/clwbvg=.attacker.com,1,2
xjdoeznredxuhqhejdcyc395e/8xfzmmpaunvdl4k+c=.attacker.com,1,2
8rmslhpb1gsbgqyfpw4afi5ed3k8myu4kunlzm1whyq=.attacker.com,1,2
p28l9k1ebkpgipqhp6hipblu1s2slesddckwfekwz0e=.attacker.com,1,4
ydakn7qmc6zufqp4plctbuw23lz/rjnexftgo9giadw=.attacker.com,1,2
szkud08ubg/ejvzopxscgmh7ytcvl6z4cmmlsrtuf6g=.attacker.com,1,2
rmfwejd7uqux3dmyevcbsxgbuumz06hldzmccqtprfg=.attacker.com,1,2
2pxetjun3p8lqr1etnkyodpfd0fw7az4abohzjrzvwu=.attacker.com,1,2
nlkloucmjzpir8euf89lqtuvwjadybt/189ngxtsuto=.attacker.com,1,2
mkmsqdmh4edmkmnq9uy4u2iz3v4lwnmsgqkdcw2qsza=.attacker.com,1,2
evk4yx1ij8fryyxkkh1kwpm6qbwerbsce3welqwwhde=.attacker.com,1,2
gz9h1lc201nn/p9u+q+qrcbi+a07rxg5kc/ehr1ltwg=.attacker.com,1,3
gmmguhojx3/voik14o5oac71jqp4i3zzujmc7t4bxtg=.attacker.com,1,2
xyrpdd7jiiprzwgcmozo37kdzvu1jxk+kqyvglybz6y=.attacker.com,1,2
urwqaixldziqqhv73mdtypdyjqntxlge/5cexqmi8oc=.attacker.com,1,2
1vc5mx9da6ktihlgrv/pfagnt4j0bpwfpnj0da9audi=.attacker.com,1,2
rfb0byunqi0c7jc1ewrapb1rrb5bvd6z056ctorr7us=.attacker.com,1,2
nobqkocilkouccvdw+eijsfczzyosvkj/j7gv0fvlcq=.attacker.com,1,2
tgkonhb3tu9eaxf9ut651m5wey9zymbk7daoobnybz4=.attacker.com,1,2
2bufquouu+pf2nylyrxhsp+ycbvqf4q9epbc9gyvyiu=.attacker.com,1,3
6jlzvrcx7nlczo9lpkgsvyzjq2y4lml6lwxspu2xbdu=.attacker.com,1,2
kj1dquly80erw8ezw6p9mnjjjd1lmtr6zghjwi0ord0=.attacker.com,1,2
2mi3yhlezxryrhtui2u+7sopeg7l1wnplznu5htluca=.attacker.com,1,2
yebdbxrsdkpa6dd/b4p3e2o+mvqpzdoviq9oh/u8af0=.attacker.com,1,2
hjzzud4xcpqm5iueku8xp6m8q347dcq0kb73zm1njqi=.attacker.com,1,2
yhzak4zkvatqjkko5hdoo6msl5n7vso1ezzvidaecxy=.attacker.com,1,2
/3yj7ydmoqlhrnpleemyk1ko50iq2n6kyo67aseh7ik=.attacker.com,1,2
4pvom0fibp1hd4ghj6z3t5azayifhca2ripooyw/8fo=.attacker.com,1,3
vdnoqzfs7fs7yytwr8hspjt/h6zy4boijfp5q94q3ii=.attacker.com,1,2
mc7ainatrmclcb/0/axobnn43ysgsh16w2viknghyr0=.attacker.com,1,2
qygilem/wvzo4tdgdz4ix2xxrsp2zk/vzvu7epch2ei=.attacker.com,1,2
jtt7v5yysx837dzd+8ll9hcopnxpwgkqqic20to/el0=.attacker.com,1,2
nsnsokm7h6waiejbapagfh1ng58y24x12jiot2fdmj0=.attacker.com,1,2
ttykkbduuk0i1pgt1p+vtnevboqd3vkxv81pfve7lks=.attacker.com,1,2
nmap.org,1,36
yttzwwzkpsm6fwa8lrchnn2ne99wm9p43ghm+sksazc=.attacker.com,1,2
1qsoj9wzqgfm2k1qad+fdkisrywptj1j8odpprqofhk=.attacker.com,1,2
bytc9mkq7+31yaoo3awwuxyaucjvnp9z5pmglmbgxyg=.attacker.com,1,2
nrul7vf8mwl0pmqbpmkygjhlxbfyoqetvuahzqygbci=.attacker.com,1,2
1tsppt2ysoikr3oeliuzfrpzqzutue+rhhvmkdjyhwg=.attacker.com,1,2
oim5p5nxjoc2if5vz3dv2l1jnzqtlwndcba+nfhfmbs=.attacker.com,1,2
5my9dy2+brkuj1tbjpus6d9lbaupsdaretxr8dyilhm=.attacker.com,1,2
vr4v04zqyfuj6kfeh+qjj6pn5g3kosrl7ckgjeytphy=.attacker.com,1,2
yviwi3mazfsykgpnwcg9svzumg6cuvthpxqzw8xuuqg=.attacker.com,1,2
xquuq0bqnhvf4u5tsplo8uymidfnvmgethcramby52m=.attacker.com,1,3
uouso8e2yaltuazu/jyr0zaof46gcdhg/9bdcts2qe4=.attacker.com,1,2
hmizqh6f/tqzubbgzut0u5qqxw+syvso047ajwcy+nu=.attacker.com,1,2
xu3usm83z87m8ahx4vzmga1fjgoqbdlqzrijid2izmi=.attacker.com,1,2
pw7afzaktc09f3obxepio8pyraatnqhohwta7v1amec=.attacker.com,1,2
on5jpypf94yorohrrrac0j0iuwizdgq0drupzy23mp0=.attacker.com,1,2
iehmvfdvmes1s5i7i7n+adfzzmzhmfd9y0tbam2zods=.attacker.com,1,2
ixcexom9dviqfmbbthgu9bzm1bjlfu68+fqftcs5nss=.attacker.com,1,2
5fnuj2tcuqg0tul9a8uusiuqp7c3wunzj7prywncgwm=.attacker.com,1,3
bp5rdue9l3xmgbtzvmohyzga2ff5j194jsq3sao3inc=.attacker.com,1,2
uf4cyjqk1igv1qt/innxra/flu+bi1midumkwtgrpri=.attacker.com,1,2
yib9kqflyuifyh3nmzk0toi0ihoqwd07i3gmianrsg8=.attacker.com,1,2
4rkojauviu0xtmns0e6trj9psatqsjcid6tuufqs/ay=.attacker.com,1,2
us4nz+e1uiopcg2m6flr5uefmcsjhknfnrozr6mhadk=.attacker.com,1,2
npasm8okejnydbudnxag0w+n+mfxjv2igqsi++p92i8=.attacker.com,1,2
dcnd1fh02qgdysc0dy8w1lanqnllobfwvdsckz51vbu=.attacker.com,1,2
tvslxhxxagwdbhtc+pbollwhzkhhbtx5deiai6piikq=.attacker.com,1,3
hh2raftxnst/vo912rrxgwymw5pd/6ku0oah6vczo8w=.attacker.com,1,2
poljnqnm3pkwul03+209nvuwhqxcm77fhuhrkif6xy8=.attacker.com,1,2
wt1kiylhxlxuh2v56ons+rn6c7s35wxtplzd2fsffys=.attacker.com,1,2
ya04f5prtqe7d4tdrxtrao1kqaop3v4q3ux0pbjvdho=.attacker.com,1,2
l6vvqiiin6xsvaqwkntfzjilcsovzrzyryduyxgwi/u=.attacker.com,1,2
w5revigoeinj9f93imwnwpikiqcrpizqzize6au4sha=.attacker.com,1,2
mss8/7j7f/obmaha/kfs8iu9of2+ezzh55qvncjzad4=.attacker.com,1,2
dc0sxurbd9ymdqvo3k4ld1ou2cpzi7jo4/lr6c8clru=.attacker.com,1,3
6maaj7ejfifz716ejwnfszhadrkkz32o87i21bxqrcu=.attacker.com,1,2
qapty6bp92w7ozc+mtyoyiltxypysvbadbflm/j5x5m=.attacker.com,1,2
osgxoyabjyibssrusl5n/scq+o9lwktyw6j/gpfo/ny=.attacker.com,1,2
zhjro8iqaqknviontpxur/regjyrolpnagewlpyxmky=.attacker.com,1,2
cv305ewnzlbrmtth96nl+d5w0volyeclwqnv3j1pbvu=.attacker.com,1,2
amwtsak6yag6i3b/+f8jijdhozvuot9/wujiot16+ps=.attacker.com,1,2
d9zbkf7t8j9e5fo93oxht7w3zoebzt21bx9uesul3lm=.attacker.com,1,2
sj0cn5kmzl+yfihqnsdsuvbbd6szzsxrnkfd4dfty8c=.attacker.com,1,3
odk/bnln/sckxnndziv3qsfzgc/e7/ztnxp3grwwtmm=.attacker.com,1,2
zxrdz5xymaso83joany1grch1dlzrucjutunsvhknle=.attacker.com,1,2
ptkl1dbkn/rwuskklsulap8xjyl+3wrlk7bdcxzrbbc=.attacker.com,1,2
n3s4qqweyf9b9ae6fcsxgjilbrqd4xqs8jkh7rxm/cc=.attacker.com,1,2
hjrbvv3m8bont5ggvrp5uvfdbrp+2/mfjtqx8jlw9cq=.attacker.com,1,2
hkjmt04gfwnkyvsc1il7pghjkdsluef/cfsqqihsyv0=.attacker.com,1,2
1pkurqaycjimku5gfstfp0/9qeayqvwtohdpntxqhli=.attacker.com,1,2
fshszkgosrkubadhtgzlvndsxxhknigt9zzp2hm2aum=.attacker.com,1,3
ffa3q2ai2xe0rvogqweijqh+pghgyowkkfjgtus73a0=.attacker.com,1,2
mfxpxh9jxawka9dwjlifjtqc/agl2vuzxy7wazar3r8=.attacker.com,1,2
2obkdxoqsypjxpmjar/sscf0p6+odtasjt5tzncwq6u=.attacker.com,1,2
m2ru/ex23m9xuqgf/wcotvyslkenxvcknpstxmzfr/y=.attacker.com,1,2
m+wid6yosgtb7s+8gki2yuu4qrbumxmyketughvvenc=.attacker.com,1,2
9bvgsgilpsrwe6k6imc9ytftqo1gdyibwk2ogbmj/as=.attacker.com,1,2
caw46tkll49ugzpyobuktejqdnonanl8jyfhtwb+ov8=.attacker.com,1,2
ohnexc2kzy1jhopa5igupjht8cwtcgiyz8erbr685im=.attacker.com,1,3
0lzgljaj/ef/rg7ighrsfvicib17qipss/r0sq5aesq=.attacker.com,1,2
0g0llu6x7vjx5qp2qxojtistefqpoilvmf3tphmdkoc=.attacker.com,1,2
ljbyigkepkaupwr1r/ouxpv8zjhpxzvy4rvs3hvd6ko=.attacker.com,1,2
tr1+kxqjtv91oexbxwglf2iko7gg3oweivrsf5jflto=.attacker.com,1,2
hiquxxvf1kgck2iqihinui+ifx83kijcxjvz/qhcghm=.attacker.com,1,2
lpa7xh0frzqlsrqkxvxwer3hzt4qmdd1enifwy4kcgi=.attacker.com,1,2
ke3w+f/e3cam4+zel73txsoi/bxtnwflya8285kj1va=.attacker.com,1,2
motd.ubuntu.com,1,12
kw6dckzcodimbsqisdihgh7zvsnsum+owmqv9ctupu8=.attacker.com,1,2
qtzjpcu5e2x6rnl1/kijkwni4sfkckauivsaqjn5fr8=.attacker.com,1,2
jibsbxhv1tip+gbw4cuklaossmv+dtwc3ire4/nwecm=.attacker.com,1,2
zkxwdw8kb9pmflgak0z5/tfef/4iz4sgf6y6dkw58a0=.attacker.com,1,2
mj5at5pcrqsclqujgaxtuaeecpls+sbzgnnpezqfoj0=.attacker.com,1,2
jwa5np86lq6f37ac8lqlkwskurugv054yo7nr5zdd5e=.attacker.com,1,2
vhkqootnzv73xmzihxpjc9tjosotwed5wh4hcpva9me=.attacker.com,1,2
afhg+oh3pttupenvkyhn6p2arffhnhzsp3t53kc4e/s=.attacker.com,1,3
zf4bg5zhulfbsbk/0kk6oglfdvrkbbw0g6bseklxykq=.attacker.com,1,2
ibksjrzjd1ylramjlrw/jyzj15alpsn+lt+8c9e7b1a=.attacker.com,1,2
9riy/kf604ykfmwustuknonjanxjf5xmnbjkr2l58s0=.attacker.com,1,2
hi5tzvbrow6ex9kptruidnbt7yb7mtkhhxenh2uobdg=.attacker.com,1,2
b71wddm/txcrgyy20owwwidafcv5u1uy0zyxbs91nqy=.attacker.com,1,2
xayysxht1dvczlnglbgan9lj7e++s9s+n7xvkbxyuae=.attacker.com,1,2
gegwbbdin372azy/kyfxyc+vwltc9gw7gfofvv8z8p4=.attacker.com,1,2
jetaw58ay4bdjzsnia7venlylys0/44euoj+2zfnkyq=.attacker.com,1,3
3cknsx4gty5r/okr2eq3ovf8+zdoxewmgzsvdvrekik=.attacker.com,1,2
r2uzacg7lxhojh0jrzi/cb2e+gkvlozzefcyeuoe0tm=.attacker.com,1,2
0khv9m9ji9qpqejcjsqhx+z6lywupn3rt2wzh9b19hc=.attacker.com,1,2
mslbyjarwehqnqiyekmxhjfjy6qg6lsegkujoxdd6rw=.attacker.com,1,2
2htvyj5wyqqg4lwzmq/lnnorzd8b6ueyc3wnjwfkqwu=.attacker.com,1,2
gzyib2emkinpfpps9a12lypx7ihw0o2/z5nakd+6p+a=.attacker.com,1,2
zujp9qdpkiooeuifeorywn34q5viio8uc9d0sikbh1q=.attacker.com,1,2
wwnemmevdudipxbdwdshdkea94+nfli9pzpjud6mek4=.attacker.com,1,3
fnbderazx4kl307bw7dyvugxfpdhgu5ntw+cuunq/dk=.attacker.com,1,2
iy2pe3jqzr+nikxe3mvkkiluc82fr58vfmfcavjlrhk=.attacker.com,1,2
3ds1u/jh2ewi1uzo0qoakij+dltxeiph6w9zf+t61fw=.attacker.com,1,2
hw8/iyo1al1jk1wp3qsnuk6rj7onrhmret1f65pxemu=.attacker.com,1,2
runjtohhjgojvhbv59ac3sdkux878ezut6mkdiz3gww=.attacker.com,1,2
tplahc8odmrivnkofcicflf7ixqn7k6pt8t0yjqrdko=.attacker.com,1,2
wfaw6um5+r0kahh0plvmtax+tfy1fvfhh8agc8maufy=.attacker.com,1,2
lyrsisieobsraclko9bxii6esk0bucyk8l9jkivoyes=.attacker.com,1,3
1hxhkcca4h3vgprlenkx1rfkijstrwbn8iklddmx3ta=.attacker.com,1,2
/+or4sindieax/x1zrjffni8o02ogy66xoozp9l6kig=.attacker.com,1,2
rtfkm1x06ulg98kkrowouluawvxqy0behke1rke5phc=.attacker.com,1,2
xtwi+mskgr0yorctf3b2saum8d1jlfhhvdaesd0kdqk=.attacker.com,1,2
e97mrd1w17zra17mpmbctmkk0jle41zc+otxf7enliu=.attacker.com,1,2
s3n1gcdljpusrcikwwgwq6hglfam466vfjeiibuphdk=.attacker.com,1,2
uylenn48nqsoov4nds2702hf99dzp86/pt79+lekexg=.attacker.com,1,2
pmuvd0vtvxcmi2sxky8yy94tbnbvp6lfblrw+hmif+o=.attacker.com,1,3
dk2kc17xbpjymu2hvwjvs4n6obyynzg328jsgwgv0/q=.attacker.com,1,2
sog0gqqpnifhwespflrye898ighub85h3llwjfibzse=.attacker.com,1,2
e2bcreisj0pqvw0sd7fdcrckh3gih+12wzl6k1tt+4g=.attacker.com,1,2
lwsximmay7jqzhb0tikmazbkg73qegbvxohlywew5to=.attacker.com,1,2
g++qspsqe1vqambwurcf3vmp9yuwo7su0gjv4un8hys=.attacker.com,1,2
xg49f13xhi+dtv/ykfqart+m15ed4lkgj1u5xxlxuv4=.attacker.com,1,2
s4gojlehwatvowr/+js9ilmbptjv6mxr3lkxpevx3rk=.attacker.com,1,2
agaxjfjjarsaqp9j4/anhupd0q2xyeaybjfmafencgo=.attacker.com,1,3
0tuygogo+fzejcblyqlyffu/yvnccsu4awmqgqnxpji=.attacker.com,1,2
sdsbwsz8sai2zl3fac9hez23piynb5w/5buhyzalei0=.attacker.com,1,2
fhgqtmzzj2yiewktxvaz6nlh7stzvxfqcmlisf5mstm=.attacker.com,1,2
w97exqqj6clxysoykqfr1gzc9mkf89o28sndj5ct7rc=.attacker.com,1,2
yqb7b9oqzvt9ktfp0pmndpjjrbg6u9n+w4brdztvdga=.attacker.com,1,2
pitqwsjtntjim/fqzbybvu9lo9uxxba7cvaftedaw6q=.attacker.com,1,2
g5qnki50abkt67dwl3+s8p9ws0gqlppmlitxfjpfg5m=.attacker.com,1,2
5o+dqdtu+izebihiovzm3km7jet9tkcubnqkfenykt0=.attacker.com,1,3
fcrbhqy0oi2jnrdnkikqivynzbakipvvzp/gttjf0eu=.attacker.com,1,2
mfeol1h4pbgmcxlb1ju5gq2f4nzrbjdldgg8pg2ibwc=.attacker.com,1,2
off/zmadsxk/zejdqls10vkel5to4ligy3efow8rbgo=.attacker.com,1,2
lx3qo5kx33tos6w8l95d3k3cf8ozxspvvdam3ctuthc=.attacker.com,1,2
dj4ze6shkklxdoynxdhnlj91l+wzxq4bukmqyedpuva=.attacker.com,1,2
sb6wc6xf5iwgaig6e8iw20strj+nfbxestmptaq1z2w=.attacker.com,1,2
cloudflare-dns.com,1,294
bdrjnrmwcfzw4mm5ux48nrec4qrypeue27nrbaf7fgs=.attacker.com,1,2
cmslxk1wuvnuqeondkx7shpnywf2og/c/dvpu1ul7ho=.attacker.com,1,2
cc/lz8scpqcw0zsg06hddk81dgzejfkesmy0sxzahsa=.attacker.com,1,2
ht94kbpctuexgcuje+fxrd0eolazwh47uoobmee/kbq=.attacker.com,1,2
zetfetyg95yrti7/bhclqumtcnpvdek6o2noxdlxihm=.attacker.com,1,2
l+fzekvkas3ckyu70f9dcon3sjfzjqwrl4r5/4swvyq=.attacker.com,1,2
uzlkc8zc83kvubkrrz3fbmcjwg8udffzhi4glnveh8g=.attacker.com,1,2
i/27uq61adfkibp7d5xjnx1ayfymyyvfllocgvbmg1o=.attacker.com,1,3
zqjgd+jicjoaqn6nypt6sjgcyauv9qiv8wj8pq57ofs=.attacker.com,1,2
8p4cgtkdcdw7srlrtg0we9ypdoj9bc8vzcn0sqqk7ea=.attacker.com,1,2
y0e/ub7eflypb64ohbgkedrd8+y5fuo4d3ru3kwlptg=.attacker.com,1,2
glu1asfh4zfqxkobr07gw3bjkkmvewnlaqe5b/6tbvk=.attacker.com,1,2
el+rx4eq0+pwbwge2b28koxjaasranbfa4c3nllapuk=.attacker.com,1,2
so7ieyhhiz1csqzzk0quz9hny/lmpu8v2ywzfom9iei=.attacker.com,1,2
vrsscayy0ok4bs8w+yjrybr/d5vjkruto+utcw1x4xq=.attacker.com,1,2
3cvy0ai2orfrohdnthur3u/hzckvxtsbjlz0efaawak=.attacker.com,1,3
ki/skxt3vyoz27mtf+igk+xwicximzf3fmmqjx0wiu8=.attacker.com,1,2
u9hnc3ebiyg6hjjxvf2qkjixlzhlxj7rxvzftredixa=.attacker.com,1,2
ykiiqwr7lz8g6edfolmmf6ck8z2vldcvmvxizgaahm4=.attacker.com,1,2
1jggfllcjjvje9lfx08vqwnfqzc9c8jde2f7fn5hx58=.attacker.com,1,2
obe8dopqmuow9nffl0cnbeqbgb9gicpuipvn3/5qnjs=.attacker.com,1,2
rnaqflmrzvd0uekoncgaqvarbsj3hfex7z/y3arh70i=.attacker.com,1,2
ttqwxun17x6qagr+j68vjx521scgqrfcmj05ulfvixm=.attacker.com,1,2
ujusgio1qjlc4grpjcnkbjfnlfzcnpglkrhj9l8yhr0=.attacker.com,1,3
2rbx+ziw5vmeh6ia3fgydmztqwvo+v79new2b/gojrc=.attacker.com,1,2
jjhuqfmsm5lt7ccr/yvu+gjqb44voojpufcvifgvhzy=.attacker.com,1,2
pygmarkg6begz6e1m6tnj6k25yxw5mabayktsfy5ttw=.attacker.com,1,2
ru5u6/dpfiwi2k6wkcehgprlsbvn5o6bwnvz+mz/axo=.attacker.com,1,2
mfpmmqphycixxudlqshfjvd5n69v/v6ksylih72a8/a=.attacker.com,1,2
ln5ob8t/egwtthg98uxd9ytudsfd7p8pmtrnw8ofqya=.attacker.com,1,2
ahzyu186h84trkd6kfkobuvalvb1cfhjyrokq877oss=.attacker.com,1,2
et8jxv+jbqeu5d6wrednqzsr96wz3hofknx2e6la9nk=.attacker.com,1,3
cnc2rhr47qwpw0owpgdkcd16hvc+nudghnm2ubf+2su=.attacker.com,1,2
dktrrh4yfqbfoivoioxhwycsw4aoscj3qa2ujrlkud0=.attacker.com,1,2
hmtvkh/sp/li8iy5ddmi1ltq1b5ftwskyygcgmahbxq=.attacker.com,1,2
iot5qo60lcfmjlzle5gzl4glw0ivfe0/5trae2puyvc=.attacker.com,1,2
iwpwcg63ikisj9+unw69pxfavmv+c5u/z5ivimg9cvk=.attacker.com,1,2
/npr2za8el5vqealjc12m1g/q4u+vdpjr0gsnv73o/k=.attacker.com,1,2
la0oxasixpnr06oqdpocon1asq3bmmqwdway/hew02i=.attacker.com,1,2
gagecxm4id/wjyrfvj6wtcoe+fwbcoywndx5stzdtfq=.attacker.com,1,3
nlk911pomk6uwgx26tmlo/dq+auyj1avlmbaxrtsoyy=.attacker.com,1,2
wgwnnibgdjuknmnvqplmedjloc+1kmhev5eizowm724=.attacker.com,1,2
zo6jtwl5tlkwxzdcx/iadwxnue0xck4zd/z8j/xxf5e=.attacker.com,1,2
zrod3hymv0xdx1wkfvcnblq8nmdv9b+nxi4j/fv9wqm=.attacker.com,1,2
qcxtj4vsz8r9z9ni/h7qw/hvigqnswpereqq3aivime=.attacker.com,1,2
epvsdxpdgmk2v5b74gzsihihq1155yumdmaz+rhyl80=.attacker.com,1,2
fz6txvm3kpedmezidqqkfgafwoau47kocdnic7yh30g=.attacker.com,1,2
8h4d7vkojecnbfnpgtismbhrkq6+/qyr1gshzhia/hi=.attacker.com,1,3
rqysz24xuxuwsaqgevuoilvjdgk7yn+7kvzdda4qxi4=.attacker.com,1,2
9bhemdnvtr41s7ou/q2nrc3/vyxzcqh/75i/iiqbngs=.attacker.com,1,2
4a0dblvvi1ii4rcvvjaeizltm5bkekmxzy5n3exgti8=.attacker.com,1,2
bjg+rwemd0z3fqhd3rjbupulczmef7tj7i02mqf31m4=.attacker.com,1,2
v0yolam0a2fai48jkrnyvdnp2nlcjyd9glxb3zv5dsy=.attacker.com,1,2
93lzbnf9dx20p9tjfuakt2yvs2tf9tobp6nh2yololy=.attacker.com,1,2
tq6yrxthpdiuzl0oj4j+yhtokfxrtr8gr55ijngh7yg=.attacker.com,1,2
kqkpmliaoqyxcefmebxs0ksv1/ugfgx0+ekyp7rp4gq=.attacker.com,1,3
xnkqqae1zu3ghenydowyj5enoyh62kkuulgnzzreotq=.attacker.com,1,2
sjtub18+otc8lc5owglhajjdma0vnxwi8qy/hyi7s00=.attacker.com,1,2
gdkweanqaxkvymorlcogonwhsxd0h/qvgi9xlcyfvmo=.attacker.com,1,2
wgeni1trdunkvjiiqyluj0y9pgnitbjxt+durkt0twe=.attacker.com,1,2
/bhjzhjc81chnxcoszvjqwnlk1ghgxhsrc2kkc7/cyu=.attacker.com,1,2
elmbcwp5bqfasvwuzcwbd6rm6928w9fkphmslgeirwm=.attacker.com,1,2
nuyvyf0elrfj8xonvtri997vdxedfzzgk2j7amn+a+g=.attacker.com,1,2
kazooie.canonical.com,1,4
cwabtqnad5pnexnghytiempo3tpo6yuqsvsflx6clhe=.attacker.com,1,2
r0/tuhhzggpncfa+pfl9em4oulva6dz16fsxxtg3d7g=.attacker.com,1,2
aknbrid0l8sqfjl1jc3adec0xarlwi0qaythdxadevk=.attacker.com,1,2
mr/p7px++okzm82f4weawcfq7nepvjmkfovykwsualg=.attacker.com,1,2
bzha9r81iw/kckwdd5shoijkot4yrexa8zyzz4cj8ek=.attacker.com,1,2
fpdy83ndcyvo+injetpjapcrvydisvatiml0culytdo=.attacker.com,1,2
idt/hyyslhax5ed8vc+oimnne3qexsmc8d2auaier7y=.attacker.com,1,2
sk5jwctzu/dnn/w3d4nmnlwao8oi8mcgfmn4dihjmjo=.attacker.com,1,3
znyq6cdqtv8nwipfrv75c80h4dr4ggoe22i1xadfcu4=.attacker.com,1,2
6g8ordnyqxcazn8a6vzkxrwdxghwt+h3t58ebbm3nma=.attacker.com,1,2
mumffzw/9oflexxmjxphhmyamtduixbnl1dgjyvdxl0=.attacker.com,1,2
gade+8ar9meje4pfx8ddpu+rbo8hgo7sikjzr+bg1i4=.attacker.com,1,2
ccs6f80orqtw2kowzy0cjecpizuof9ysjlhkfw+ormk=.attacker.com,1,2
9bh82u/qv9coqvjtxeun1byfg5qgtjcu75kl1ut83dq=.attacker.com,1,2
itnkur401goipiw3xuted8nvfp+d9qep2w+4s/hjwue=.attacker.com,1,2
j0+fwew/pipbvv4qh+hjkdg2uuyavk7wbngwq8bc7qo=.attacker.com,1,3
9u1wz4vgu6cithixibn6ouw8c0mvf/mjuarcxns2l+m=.attacker.com,1,2
kienkaxregf5p9ssl8e/dajx8pdnxkxfxwncfsos3se=.attacker.com,1,2
78a0wqkoqxk2tw0htipcssomih6ryha/u8fbhbyiofa=.attacker.com,1,2
xr4gfbwqlwcm+fnhtfcjuxdewm3asg6uaslahtxyea4=.attacker.com,1,2
jfgtzbhdhm3w76thim3vziczqvyxfvsxf9ikxmg8bji=.attacker.com,1,2
n17bt/i4gei1hgmwps/pxr0jdjxjgabsl7iptnittjo=.attacker.com,1,2
oxrjfrwvgoheumwiwxy7wmjj0aq19gzv+kqepibjkcg=.attacker.com,1,2
46mqdjf+bglwro49kc2hi159dobzezq7y+vghilcmym=.attacker.com,1,3
sopjczl8nincmckt24xyfxmbx5uhudlnzhcskwbn+7w=.attacker.com,1,2
gmaqkbgl3bwdthj9b4im7jrd5dhiklygfy1zmp2wpm0=.attacker.com,1,2
ue8tb3xka93s8kxcudkksjdl+lhgttums6xj3ursqq4=.attacker.com,1,2
doc4bjeya1m/mxuap5/v3u5ilxwqf5vtv1yj58lyvyg=.attacker.com,1,2
wfuzlmxcqnrokt9scu/mkap4k7o6razn8vhxqnvj5om=.attacker.com,1,2
fsamhiwzwi6bwcx/tcsryvppkdmtx2kpddvalo8bats=.attacker.com,1,2
xumwwqmlng2/tr78t7z4wekxx2k6xhajxrnrtoxgrkq=.attacker.com,1,2
_tcp.us.archive.ubuntu.com,1,3
clxrybbw+bmriii7zvedhfmeyilex6xee2uc8z6b/mk=.attacker.com,1,2
ndqdw7oyybqjfq5vovgunxi4stzvvgfzuazvcc+tswy=.attacker.com,1,2
0gsgcxhnhbemlodkgyflh71rcyovj83bftrvkz2hc7s=.attacker.com,1,2
nr30c1wncx/frr7cxr0icr+3ajxa6vaz1+c39/ibww0=.attacker.com,1,2
94n5o3huufk06mp+f0nnzo5yswiuztlkaghxnhrhj5c=.attacker.com,1,2
saoyqroh4as74zlqdwyjhqgr7ixmpmlmkry6v7268nq=.attacker.com,1,2
jikkxdhnzownaeza/sarnov1yvea2zrejt1jrsd/sue=.attacker.com,1,2
s7+elqr4kjdxoikc4u+yx8jj/soethpr2hoba0zi/1k=.attacker.com,1,3
kbj6yeteenfawnhhzupppcg/otyavuiyot6ecebqec4=.attacker.com,1,2
xnxcndp/suyesvktpcrimg275hebk/mw4uq9t8odava=.attacker.com,1,2
de8lrttbxod3vxz/a3amcwthkn7s4xjpjazyy1gxgv8=.attacker.com,1,2
z0aavlix00inbyvhc2cvchrycprnmuxbbqrkk0m/xo0=.attacker.com,1,2
akxxj/ijq2sn4c0expndjshtgkiq98ryrkcvt1avbvy=.attacker.com,1,2
n2wuffvzge1g2hkj/szm4kglxydpyfwaopl/ont4seo=.attacker.com,1,2
sls/gazp/aqndcxcrb9djwpckkm1wooqsiasbi1r+6q=.attacker.com,1,2
voebrbjkzqjg6pymokwmjn89uvltcoflpqwnegd1pym=.attacker.com,1,3
9eg0endzojzfzms5ewi81f8junqf/wssfzdghwqtqge=.attacker.com,1,2
niuwo3fzrecc6fruwhtltwdezkoem5mlgixuzc/b4qy=.attacker.com,1,2
tcolsbfwgi2nhyfwwcrtt1wrtj34ynm1home8475ayq=.attacker.com,1,2
qibnrparfdvjtjb40dlfngpuladjqpheeph+cddlhs0=.attacker.com,1,2
oq66pvb1itarqt/tc8exibw86hzcw7/yrhpaz4jle9c=.attacker.com,1,2
06tv4g+yhobdopxprazzpw44rk6/mghbvppfbnsznws=.attacker.com,1,2
gvvfkg4kmmgk1u9vi1k/h2douzkx8/ttwsd+rctu0pu=.attacker.com,1,2
yb9y6ramtxhk0z3b9f0oaijoc6fweg0myehxvxlo5vi=.attacker.com,1,3
74zbctvsyi1oeuncvuskqs0fqcurorn5hm11jvehvne=.attacker.com,1,2
bdbyxlgkep+s9z/cay/rjpyoq6d3ygox9wvfuw5ywv8=.attacker.com,1,2
fgyjx2j8qzfn3ujsm+7msqrfckhnv+2aoc3spmze2iu=.attacker.com,1,2
bapkya8abzwozkq//vbaan6+gnms7c1fugvpkxmzf2u=.attacker.com,1,2
s+q4fpeei6qlp+bnq+gkeqblijngjde3anqhgzosqn8=.attacker.com,1,2
r1gm1zxp1fzpfsfobhvfuwuket+uc87tu88nzs0k4mi=.attacker.com,1,2
9qu82wsppa09fd2ffw80rizaebi8281mgwjbw+vzwa0=.attacker.com,1,2
blinkenlights.nl,1,28
7qyequ9ebaqsyvf2jkfjkbbalg8v6wrgxbxfjbkamwu=.attacker.com,1,2
o4xbmzzvt6klru9ovxhfm/wqgbfyef0mnb+u8uguwhg=.attacker.com,1,2
qxmjfsbto4rxt8gd5ycitmgqryug8gjh606srlggpxs=.attacker.com,1,2
mktcqp50olep0icazfdazv/gugovzaholyi92roji8u=.attacker.com,1,2
qqdo3g8qj/jaafxkxc0gxl7ypv3jhwtn7ol0ibjukme=.attacker.com,1,2
0hnt8u4z4upy7rznwccdqlsghpx9xjqgnkbkicuptzo=.attacker.com,1,2
o1m1welqssonkik4xht/kq3lbyu9ivuewzrgy7kmwzu=.attacker.com,1,2
buxn/bzg0rnxx7xn96ljftk9k2gtalm8auqh4mxd9hc=.attacker.com,1,3
gkdbm5bc/uv7rxjt/0wziul5gl+diti3zshjxpqdcbs=.attacker.com,1,2
qnfkzr3tdzs8zdnatifkt91uhpp9vrw/govww6dq6mq=.attacker.com,1,2
qcizuoy41ruarate5fx89tyuvd434szisjmaxgukqn0=.attacker.com,1,2
yxnghkgffrcpu/kmia6npzthng1vvxxken5tcx6fa7c=.attacker.com,1,2
f3gayilaznxqwcnaxgsd1eolg4cfmprwnntut01jgtg=.attacker.com,1,2
h+fxfbacrm5kfxxanzwieyp3baajzatboiradwacv4k=.attacker.com,1,2
fmy1a3+fpmlnepisfnlyv+rgkllou8v76pduvnfzdm8=.attacker.com,1,2
/owo5roko4x4xknqxjvxcobmebqb77s7bjaulouokki=.attacker.com,1,3
uphj9axkdl4z6sr/ty6jjd+22h+awy32m/lyxohxjkm=.attacker.com,1,2
gypn4y5sdqqxqf6lirmmd0xr6ibukjo8bgqcacfpc2i=.attacker.com,1,2
vbqclftxajxh9gnpew6vcr0bhuen1ulmo/cyg+ur4xc=.attacker.com,1,2
xw4io2lsd89nmjcfyeiizdi3jnb7sjnxlxswu060x8s=.attacker.com,1,2
ums/lpp9+bnad+b3zfhyfqibxv9iqqg9euhtl/1me+a=.attacker.com,1,2
tgqrhq2q/q7avsmdtzd2tlgmoiqkelnooifgt/kkxqg=.attacker.com,1,2
s4rmfpqkcnlr4guxn3m+1gyss9pmv1yx9iso8vt7kx4=.attacker.com,1,2
oau2clhbkjk9h7md+9gyjtu35e+006w0yqljacpyx5m=.attacker.com,1,3
0uxg7svshqw9wl4rkwwauabppn+zpxybtul3ozzgppc=.attacker.com,1,2
rr8w67u+hegeb2c9xqvoel/7kfbu/cmlufkrkdwdufa=.attacker.com,1,2
wnlbllhairjuelz68sj7pie4ajehqeyt+vm2xlrgaws=.attacker.com,1,2
uatiw0osmb8zr8thh+ioofdsrp9vcpmszjs+qlcanpc=.attacker.com,1,2
yk88aufdf00v3l6m3vnaewpzm6qnqlfscei3iwmhqe8=.attacker.com,1,2
bwwbd90betaqqvp7rdwytqostqxsvswfllhxzt0+ydy=.attacker.com,1,2
gfiwdfng50uit3/d1cl4lgavzufxbdzigvjjrv+k5gu=.attacker.com,1,2
a4xjgykurovzwflsbdox2ztbbuuiny9yoqib0bahj7g=.attacker.com,1,3
uq+dzbdljc4pmukspclz+ttka2laiab9fmiejyq0q8i=.attacker.com,1,2
/b7wuadgl1rettf6x3/nu7llpn80gghka2swd9t+gt4=.attacker.com,1,2
m3okgi69qb7gs9cqymtmlmbtbhuzbujpitdyg9u8ira=.attacker.com,1,2
mjab+xi02zqlrfyz2czqptdo3rhfushfoam5ofcco8u=.attacker.com,1,2
hdeeajkalazup+wmibitx1q77ovqig0is4xweqggpno=.attacker.com,1,2
w4yqwz6bhkvihfmwxmgxessokhuz6qdsfimcpmhdoxy=.attacker.com,1,2
dogogc4+l2obmkgwu19v8hrdikfwemsi6mtt7jmj8m0=.attacker.com,1,2
ges9kz/6btfjsm1amwmfmyogtqs32ii4czyfymtkw94=.attacker.com,1,3
lps92jiej+fb6kadozhj0vi1+xtmmvqd069izwrcchy=.attacker.com,1,2
5qsp7zglmwzk6d50gb7d6adnhrd40zhkvug1kkmrfoa=.attacker.com,1,2
2hitxxfqq8u9fmyfp7tammxn9nc59dcu6pbgtyvkhiq=.attacker.com,1,2
wgf8wvsag1jhwnl1ngwexon02fw3qutyg8so7t6rspg=.attacker.com,1,2
tmsbyjbcezw9jm3pyzbjt5xywztqpr/w8kwmumammjk=.attacker.com,1,2
pwmldpozvqhz5meh3wdz0vrp6g+pawo6mfesaddgt4w=.attacker.com,1,2
kyxxlbkdk+4b+hjzq7ckfyaoyibompxx2twdwgpv4es=.attacker.com,1,2
xfnzmxaj6xgww9qg76kpjiyjkboao/ionuqrmn7cscs=.attacker.com,1,3
jv27wy+c0mnsm90v1knfehgzqtx4mftaj+b+ci/vsvy=.attacker.com,1,2
5a0azve42viu3hry6mhah/tqffkilck6vpfamize6oe=.attacker.com,1,2
9pzfqt8hy03jlodzsrleo7v4oz+oxt+s0vs05flj3dg=.attacker.com,1,2
4ovwgi14ssj3buzq/7of4avbg+zb1xnjgmfm/l+xuga=.attacker.com,1,2
sdkrce1lqojxob63qrsewxarl7mqzgobge8mj0jqbwg=.attacker.com,1,2
ufva+pv7p/jl7t70ggixglaj+9oddghqsyfvizufqtq=.attacker.com,1,2
q8nkmek0q6ds+anqqv9ei810w1pyvcfz5dmnrjqfxt8=.attacker.com,1,2
6lf+yd2csml12lmfcdmphoekaa4tbr/ciqbj5dofsaq=.attacker.com,1,3
m/kce1bvdbmpr38lf/u23bz4kqukfvaawic0y2nv2/c=.attacker.com,1,2
oycafwdlykf8pcea412tgi+onkqa9olnitgc/e/o3de=.attacker.com,1,2
vpkp5y9dyzw74tlojia4musk3buvwh2m1imlwoxjv4s=.attacker.com,1,2
civd9ahoedx03xrbrs3dzwlhddvbeuqmvbn2ormrhai=.attacker.com,1,2
kobrk+gi/5zir2ph8mpno2hpj2cpvkqexofiexnssys=.attacker.com,1,2
wvfv9wyvwvgivje+wsfkl5dbizhkbbo0stsu6wj+h9w=.attacker.com,1,2
11rreqbxijbs1t3k4kaar4gsgwl/c9wqusrnk5rir6w=.attacker.com,1,2
1clggoinrc3f0bbqyq0lyll8thcfsssk8hjpnie08pi=.attacker.com,1,4
gjsvyorw71ts2sj0upq4t8bxcczfcf3bkhyxqzelyva=.attacker.com,1,2
mc1xjkbkk357f1sach/+znehhqt3hh32bgbegx6kle8=.attacker.com,1,2
o7oo8uhnjfzxfuudedbbsmgifabhmneecyfbbsgcvta=.attacker.com,1,2
io9lcoox99yhaq0z6633kgzwgfop6a0ndiq49z3r/iu=.attacker.com,1,2
lzlw9g7yhagmyh3wzvmgmlml+joq9iykaoj7m+yghfq=.attacker.com,1,2
yaalbtrwvrt+yrssnz3fk9wgr4lg0qluq5t9p0rdny4=.attacker.com,1,2
slzzelzqbd+jsrvljj6viuas+hjvpnrv8tm2qug/q/4=.attacker.com,1,2
shd+yudxqym+r/cpqlctcuumteuf6awdcqg7gbdibm4=.attacker.com,1,3
2gca/tchvbncrjk2t7sasvqtdhtgikah+46okorngim=.attacker.com,1,2
h03cys+o31j/hn0cmian9b1d7ubvroifp+pfadcbhog=.attacker.com,1,2
u7gmqz4wziflg5vw6fabfjzwjaxiymukjl8/vo3cwo0=.attacker.com,1,2
reg4gqpf8j/zqor6pjbmlnlmd2wwcplosdw7fxtrr1a=.attacker.com,1,2
npwhyt7wqt8a96oyt8gj8mwgaexzb+sdstzgc/fqnyw=.attacker.com,1,2
s50bwxxvjmynqbybtvjlcshxyidgdhzm3yveolkcaoa=.attacker.com,1,2
jq3bfqzcup/uyxvlhm0rrhx1ngnntyumnaspti5n2um=.attacker.com,1,2
p4nmndy9hp/ryxi1pgdiwt/ehqksouqyx2chnevhsgk=.attacker.com,1,3
9epbngwsvn7fi/naqc1mw8hs6xxbuqyyi4ugymsd/oe=.attacker.com,1,2
ifezar2kq9p5uy2o8emysqxegjvjvmiqif2l1tzbtxi=.attacker.com,1,2
imzrnpyu7d7/hobvpncitfl6qupw7pa3qytrmf8gs34=.attacker.com,1,2
awli7bsdo5khwncw1ujijnzprrvfvch8b5yznenzuh0=.attacker.com,1,2
8hhnvmwoszn2elzjjaw5f/z+nxn9j0ew+ymyg219rcy=.attacker.com,1,2
r5tcdnww0vjbios6yulvllx7mevosbqp/rrn4ppcqey=.attacker.com,1,2
c5xvlhly3/nw1u397hijlffougztgkzye6q2emxb6zs=.attacker.com,1,2
we6uhr2vem8bwtv1waxh39naizxjncysx0vpryv4tle=.attacker.com,1,3
1j5xx4opuc0ppjbnnhmghh37lujvrvlxzrpazsmggxg=.attacker.com,1,2
oehja4okaimqtop9ygog5u9rbzsulxaaxrorhial3zi=.attacker.com,1,2
iwnss4k+6xjfg20q6dhtujeztdwpoiagj0z09s/75be=.attacker.com,1,2
vdwzkzcy93df09xrvif7dbqu4drip7ywrwhtaztqy30=.attacker.com,1,2
mz5drrhcf8coziqmjleam/zhzft6ozlid9pnr6futjw=.attacker.com,1,2
asbgxomwbvudmcokoiqo6kd+uxkf0qjcoqhl/y+dr+w=.attacker.com,1,2
xbo8hg8ojtbqtpfq327axquujjafzkv2xxvx/gpwea0=.attacker.com,1,2
tix27qwqnr9uhipsd1oj+weyqiupefkx06+plhnzvwk=.attacker.com,1,3
4dvv9bggir0pmlvlznsibgjyqjgx+3xmcxzo4p4pl+w=.attacker.com,1,2
sfbmhxxpbimgqlqv9xdzjizapoue3bgq7ypdtj7g0a8=.attacker.com,1,2
x+penmhymhjp9dvqhwplvwyy/ehzcrusbbo6mqdrjjk=.attacker.com,1,2
x/gpnrpe2tpibidy6cwkkgwh2feym0nx/h/txdag6sy=.attacker.com,1,2
vcskrxyttrm5mux483p/whzii9kd+khxlxfdemjxjkm=.attacker.com,1,2
lo2eamkwlusq0wjcxb3jwr+7euroe/o0fcfpyj3rsrc=.attacker.com,1,2
wm0nvnmvlnt9r3dvdn4tlicdgwxjc8jz9l32vwspitk=.attacker.com,1,2
vzxqh7mhmz1dc/enovk3u+5hfnxylrvncem9qr3cqne=.attacker.com,1,3
j6lvc5d5sblw1bwzb6eosppeuibauaswnvn771zhmew=.attacker.com,1,2
ojmuglbydkyk/o9rteisyirl4xanr2ohimtictni5cg=.attacker.com,1,2
scanme.nmap.org,1,36
api.snapcraft.io,1,26
53fmajouk/9bhhocvonarwjgr7yagmfewqap8zydwbq=.attacker.com,1,4
hmmcqvdl7quyc67evs8mylfx+xselpnysok6oweh+oe=.attacker.com,1,3
a5ftv5xmh5wqhqb1gk0ivqotv+zkdldk/v/rfew69cc=.attacker.com,1,3
p9osq37fpnxmiyaxdgqcb+/x00nouwplbk62ud/9eb0=.attacker.com,1,3
cek99dtg0epwsp7m0hv8ixrhlyuufbdm3sigb+cw6wo=.attacker.com,1,2
kwv+iocgrvazlzrbq7jhavlknfgxu93cfudt1dlppye=.attacker.com,1,2
